Metric,Detail1,Detail2,Detail3,Detail4,Data Date (MM/DD/YYYY),GeographicLevel,GeographicName,Value_NUMBER,Units,MOST RECENT DATA,COVID Team,Date and time of update,Subgroup,Value_Text,URLLINK
# of Face masks,Awaiting Delivery,Total,,,2020-07-22,State,Minnesota,2180000,Face masks,,Critical Care Supplies,2020-07-22 20:30:00,,2.2M,"https://mn.gov/mmb/ppe/
"
# of Face shields,Awaiting Delivery,Total,,,2020-07-22,State,Minnesota,0,Face shields*,,Critical Care Supplies,2020-07-22 20:30:00,,0K,"https://mn.gov/mmb/ppe/
"
# of Gloves (non-latex),Awaiting Delivery,Total,,,2020-07-22,State,Minnesota,48587000,Gloves (non-latex),,Critical Care Supplies,2020-07-22 20:30:00,,48.6M,"https://mn.gov/mmb/ppe/
"
# of Gowns,Awaiting Delivery,Total,,,2020-07-22,State,Minnesota,103000,Gowns*,,Critical Care Supplies,2020-07-22 20:30:00,,103K,"https://mn.gov/mmb/ppe/
"
# of N95 respirators,Awaiting Delivery,Total,,,2020-07-22,State,Minnesota,4996000,N95 respirators,,Critical Care Supplies,2020-07-22 20:30:00,,5.0M,"https://mn.gov/mmb/ppe/
"
# of Face masks,Current inventory,Total,,,2020-07-22,State,Minnesota,9427000,Face masks,,Critical Care Supplies,2020-07-22 20:30:00,,9.4M,"https://mn.gov/mmb/ppe/
"
# of Face shields,Current inventory,Total,,,2020-07-22,State,Minnesota,438000,Face shields*,,Critical Care Supplies,2020-07-22 20:30:00,,438K,"https://mn.gov/mmb/ppe/
"
# of Gloves (non-latex),Current inventory,Total,,,2020-07-22,State,Minnesota,2559000,Gloves (non-latex),,Critical Care Supplies,2020-07-22 20:30:00,,2.6M,"https://mn.gov/mmb/ppe/
"
# of Gowns,Current inventory,Total,,,2020-07-22,State,Minnesota,6105000,Gowns*,,Critical Care Supplies,2020-07-22 20:30:00,,6.1M,"https://mn.gov/mmb/ppe/
"
# of N95 respirators,Current inventory,Total,,,2020-07-22,State,Minnesota,132000,N95 respirators,,Critical Care Supplies,2020-07-22 20:30:00,,132K,"https://mn.gov/mmb/ppe/
"
# of Face masks,Distributed,Total,,,2020-07-22,State,Minnesota,4515000,Face masks,,Critical Care Supplies,2020-07-22 20:30:00,,4.5M,"https://mn.gov/mmb/ppe/
"
# of Face shields,Distributed,Total,,,2020-07-22,State,Minnesota,411000,Face shields*,,Critical Care Supplies,2020-07-22 20:30:00,,411K,"https://mn.gov/mmb/ppe/
"
# of Gloves (non-latex),Distributed,Total,,,2020-07-22,State,Minnesota,11111000,Gloves (non-latex),,Critical Care Supplies,2020-07-22 20:30:00,,11.1M,"https://mn.gov/mmb/ppe/
"
# of Gowns,Distributed,Total,,,2020-07-22,State,Minnesota,791000,Gowns*,,Critical Care Supplies,2020-07-22 20:30:00,,791K,"https://mn.gov/mmb/ppe/
"
# of N95 respirators,Distributed,Total,,,2020-07-22,State,Minnesota,145000,N95 respirators,,Critical Care Supplies,2020-07-22 20:30:00,,145K,"https://mn.gov/mmb/ppe/
"
# of Face masks,Obtained,Total,,,2020-07-22,State,Minnesota,13943000,Face masks,,Critical Care Supplies,2020-07-22 20:30:00,,13.9M,"https://mn.gov/mmb/ppe/
"
# of Face shields,Obtained,Total,,,2020-07-22,State,Minnesota,849000,Face shields*,,Critical Care Supplies,2020-07-22 20:30:00,,849K,"https://mn.gov/mmb/ppe/
"
# of Gloves (non-latex),Obtained,Total,,,2020-07-22,State,Minnesota,13670000,Gloves (non-latex),,Critical Care Supplies,2020-07-22 20:30:00,,13.7M,"https://mn.gov/mmb/ppe/
"
# of Gowns,Obtained,Total,,,2020-07-22,State,Minnesota,6895000,Gowns*,,Critical Care Supplies,2020-07-22 20:30:00,,6.9M,"https://mn.gov/mmb/ppe/
"
# of N95 respirators,Obtained,Total,,,2020-07-22,State,Minnesota,276000,N95 respirators,,Critical Care Supplies,2020-07-22 20:30:00,,276K,"https://mn.gov/mmb/ppe/
"
Applications,# of Applications - Total,SNAP,Total,,2020-03-22,State,Minnesota,93,Applications,,Food security,2020-04-24 18:12:27,,,https://mn.gov/dhs/food-emergency/
Applications,# of Applications - Total,SNAP,Total,,2020-03-23,State,Minnesota,973,Applications,,Food security,2020-04-24 18:12:27,,,https://mn.gov/dhs/food-emergency/
Applications,# of Applications - Total,SNAP,Total,,2020-03-24,State,Minnesota,710,Applications,,Food security,2020-04-24 18:12:27,,,https://mn.gov/dhs/food-emergency/
Applications,# of Applications - Total,SNAP,Total,,2020-03-25,State,Minnesota,634,Applications,,Food security,2020-04-24 18:12:27,,,https://mn.gov/dhs/food-emergency/
Applications,# of Applications - Total,SNAP,Total,,2020-03-26,State,Minnesota,836,Applications,,Food security,2020-04-24 18:12:27,,,https://mn.gov/dhs/food-emergency/
Applications,# of Applications - Total,SNAP,Total,,2020-03-27,State,Minnesota,752,Applications,,Food security,2020-04-24 18:12:27,,,https://mn.gov/dhs/food-emergency/
Applications,# of Applications - Total,SNAP,Total,,2020-03-28,State,Minnesota,101,Applications,,Food security,2020-04-24 18:12:27,,,https://mn.gov/dhs/food-emergency/
Applications,# of Applications - Total,SNAP,Total,,2020-03-29,State,Minnesota,116,Applications,,Food security,2020-05-01 18:12:34,,,https://mn.gov/dhs/food-emergency/
Applications,# of Applications - Total,SNAP,Total,,2020-03-30,State,Minnesota,1065,Applications,,Food security,2020-05-01 18:12:34,,,https://mn.gov/dhs/food-emergency/
Applications,# of Applications - Total,SNAP,Total,,2020-03-31,State,Minnesota,741,Applications,,Food security,2020-05-01 18:12:34,,,https://mn.gov/dhs/food-emergency/
Applications,# of Applications - Total,SNAP,Total,,2020-04-01,State,Minnesota,936,Applications,,Food security,2020-05-01 18:12:34,,,https://mn.gov/dhs/food-emergency/
Applications,# of Applications - Total,SNAP,Total,,2020-04-02,State,Minnesota,927,Applications,,Food security,2020-05-01 18:12:34,,,https://mn.gov/dhs/food-emergency/
Applications,# of Applications - Total,SNAP,Total,,2020-04-03,State,Minnesota,927,Applications,,Food security,2020-05-01 18:12:34,,,https://mn.gov/dhs/food-emergency/
Applications,# of Applications - Total,SNAP,Total,,2020-04-04,State,Minnesota,120,Applications,,Food security,2020-05-01 18:12:34,,,https://mn.gov/dhs/food-emergency/
Applications,# of Applications - Total,SNAP,Total,,2020-04-05,State,Minnesota,120,Applications,,Food security,2020-05-08 18:12:41,,,https://mn.gov/dhs/food-emergency/
Applications,# of Applications - Total,SNAP,Total,,2020-04-06,State,Minnesota,1347,Applications,,Food security,2020-05-08 18:12:41,,,https://mn.gov/dhs/food-emergency/
Applications,# of Applications - Total,SNAP,Total,,2020-04-07,State,Minnesota,861,Applications,,Food security,2020-05-08 18:12:41,,,https://mn.gov/dhs/food-emergency/
Applications,# of Applications - Total,SNAP,Total,,2020-04-08,State,Minnesota,968,Applications,,Food security,2020-05-08 18:12:41,,,https://mn.gov/dhs/food-emergency/
Applications,# of Applications - Total,SNAP,Total,,2020-04-09,State,Minnesota,950,Applications,,Food security,2020-05-08 18:12:41,,,https://mn.gov/dhs/food-emergency/
Applications,# of Applications - Total,SNAP,Total,,2020-04-10,State,Minnesota,730,Applications,,Food security,2020-05-08 18:12:41,,,https://mn.gov/dhs/food-emergency/
Applications,# of Applications - Total,SNAP,Total,,2020-04-11,State,Minnesota,90,Applications,,Food security,2020-05-08 18:12:41,,,https://mn.gov/dhs/food-emergency/
Applications,# of Applications - Total,SNAP,Total,,2020-04-12,State,Minnesota,79,Applications,,Food security,2020-05-15 18:12:48,,,https://mn.gov/dhs/food-emergency/
Applications,# of Applications - Total,SNAP,Total,,2020-04-13,State,Minnesota,1069,Applications,,Food security,2020-05-15 18:12:48,,,https://mn.gov/dhs/food-emergency/
Applications,# of Applications - Total,SNAP,Total,,2020-04-14,State,Minnesota,821,Applications,,Food security,2020-05-15 18:12:48,,,https://mn.gov/dhs/food-emergency/
Applications,# of Applications - Total,SNAP,Total,,2020-04-15,State,Minnesota,793,Applications,,Food security,2020-05-15 18:12:48,,,https://mn.gov/dhs/food-emergency/
Applications,# of Applications - Total,SNAP,Total,,2020-04-16,State,Minnesota,684,Applications,,Food security,2020-05-15 18:12:48,,,https://mn.gov/dhs/food-emergency/
Applications,# of Applications - Total,SNAP,Total,,2020-04-17,State,Minnesota,515,Applications,,Food security,2020-05-15 18:12:48,,,https://mn.gov/dhs/food-emergency/
Applications,# of Applications - Total,SNAP,Total,,2020-04-18,State,Minnesota,62,Applications,,Food security,2020-05-15 18:12:48,,,https://mn.gov/dhs/food-emergency/
Applications,# of Applications - Total,SNAP,Total,,2020-04-19,State,Minnesota,62,Applications,,Food security,2020-05-21 18:12:54,,,https://mn.gov/dhs/food-emergency/
Applications,# of Applications - Total,SNAP,Total,,2020-04-20,State,Minnesota,775,Applications,,Food security,2020-05-21 18:12:54,,,https://mn.gov/dhs/food-emergency/
Applications,# of Applications - Total,SNAP,Total,,2020-04-21,State,Minnesota,560,Applications,,Food security,2020-05-21 18:12:54,,,https://mn.gov/dhs/food-emergency/
Applications,# of Applications - Total,SNAP,Total,,2020-04-22,State,Minnesota,608,Applications,,Food security,2020-05-21 18:12:54,,,https://mn.gov/dhs/food-emergency/
Applications,# of Applications - Total,SNAP,Total,,2020-04-23,State,Minnesota,609,Applications,,Food security,2020-05-21 18:12:54,,,https://mn.gov/dhs/food-emergency/
Applications,# of Applications - Total,SNAP,Total,,2020-04-24,State,Minnesota,487,Applications,,Food security,2020-05-21 18:12:54,,,https://mn.gov/dhs/food-emergency/
Applications,# of Applications - Total,SNAP,Total,,2020-04-25,State,Minnesota,69,Applications,,Food security,2020-05-21 18:12:54,,,https://mn.gov/dhs/food-emergency/
Applications,# of Applications - Total,SNAP,Total,,2020-04-26,State,Minnesota,54,Applications,,Food security,2020-05-29 18:13:02,,,https://mn.gov/dhs/food-emergency/
Applications,# of Applications - Total,SNAP,Total,,2020-04-27,State,Minnesota,714,Applications,,Food security,2020-05-29 18:13:02,,,https://mn.gov/dhs/food-emergency/
Applications,# of Applications - Total,SNAP,Total,,2020-04-28,State,Minnesota,526,Applications,,Food security,2020-05-29 18:13:02,,,https://mn.gov/dhs/food-emergency/
Applications,# of Applications - Total,SNAP,Total,,2020-04-29,State,Minnesota,499,Applications,,Food security,2020-05-29 18:13:02,,,https://mn.gov/dhs/food-emergency/
Applications,# of Applications - Total,SNAP,Total,,2020-04-30,State,Minnesota,491,Applications,,Food security,2020-05-29 18:13:02,,,https://mn.gov/dhs/food-emergency/
Applications,# of Applications - Total,SNAP,Total,,2020-05-01,State,Minnesota,643,Applications,,Food security,2020-05-29 18:13:02,,,https://mn.gov/dhs/food-emergency/
Applications,# of Applications - Total,SNAP,Total,,2020-05-02,State,Minnesota,81,Applications,,Food security,2020-05-29 18:13:02,,,https://mn.gov/dhs/food-emergency/
Applications,# of Applications - Total,SNAP,Total,,2020-05-03,State,Minnesota,50,Applications,,Food security,2020-06-05 18:13:09,,,https://mn.gov/dhs/food-emergency/
Applications,# of Applications - Total,SNAP,Total,,2020-05-04,State,Minnesota,848,Applications,,Food security,2020-06-05 18:13:09,,,https://mn.gov/dhs/food-emergency/
Applications,# of Applications - Total,SNAP,Total,,2020-05-05,State,Minnesota,691,Applications,,Food security,2020-06-05 18:13:09,,,https://mn.gov/dhs/food-emergency/
Applications,# of Applications - Total,SNAP,Total,,2020-05-06,State,Minnesota,693,Applications,,Food security,2020-06-05 18:13:09,,,https://mn.gov/dhs/food-emergency/
Applications,# of Applications - Total,SNAP,Total,,2020-05-07,State,Minnesota,671,Applications,,Food security,2020-06-05 18:13:09,,,https://mn.gov/dhs/food-emergency/
Applications,# of Applications - Total,SNAP,Total,,2020-05-08,State,Minnesota,533,Applications,,Food security,2020-06-05 18:13:09,,,https://mn.gov/dhs/food-emergency/
Applications,# of Applications - Total,SNAP,Total,,2020-05-09,State,Minnesota,69,Applications,,Food security,2020-06-05 18:13:09,,,https://mn.gov/dhs/food-emergency/
Applications,# of Applications - Total,SNAP,Total,,2020-05-10,State,Minnesota,63,Applications,,Food security,2020-06-12 18:13:16,,,https://mn.gov/dhs/food-emergency/
Applications,# of Applications - Total,SNAP,Total,,2020-05-11,State,Minnesota,792,Applications,,Food security,2020-06-12 18:13:16,,,https://mn.gov/dhs/food-emergency/
Applications,# of Applications - Total,SNAP,Total,,2020-05-12,State,Minnesota,659,Applications,,Food security,2020-06-12 18:13:16,,,https://mn.gov/dhs/food-emergency/
Applications,# of Applications - Total,SNAP,Total,,2020-05-13,State,Minnesota,615,Applications,,Food security,2020-06-12 18:13:16,,,https://mn.gov/dhs/food-emergency/
Applications,# of Applications - Total,SNAP,Total,,2020-05-14,State,Minnesota,579,Applications,,Food security,2020-06-12 18:13:16,,,https://mn.gov/dhs/food-emergency/
Applications,# of Applications - Total,SNAP,Total,,2020-05-15,State,Minnesota,458,Applications,,Food security,2020-06-12 18:13:16,,,https://mn.gov/dhs/food-emergency/
Applications,# of Applications - Total,SNAP,Total,,2020-05-16,State,Minnesota,65,Applications,,Food security,2020-06-12 18:13:16,,,https://mn.gov/dhs/food-emergency/
Applications,# of Applications - Total,SNAP,Total,,2020-05-17,State,Minnesota,51,Applications,,Food security,2020-06-19 18:13:23,,,https://mn.gov/dhs/food-emergency/
Applications,# of Applications - Total,SNAP,Total,,2020-05-18,State,Minnesota,691,Applications,,Food security,2020-06-19 18:13:23,,,https://mn.gov/dhs/food-emergency/
Applications,# of Applications - Total,SNAP,Total,,2020-05-19,State,Minnesota,500,Applications,,Food security,2020-06-19 18:13:23,,,https://mn.gov/dhs/food-emergency/
Applications,# of Applications - Total,SNAP,Total,,2020-05-20,State,Minnesota,456,Applications,,Food security,2020-06-19 18:13:23,,,https://mn.gov/dhs/food-emergency/
Applications,# of Applications - Total,SNAP,Total,,2020-05-21,State,Minnesota,498,Applications,,Food security,2020-06-19 18:13:23,,,https://mn.gov/dhs/food-emergency/
Applications,# of Applications - Total,SNAP,Total,,2020-05-22,State,Minnesota,364,Applications,,Food security,2020-06-19 18:13:23,,,https://mn.gov/dhs/food-emergency/
Applications,# of Applications - Total,SNAP,Total,,2020-05-23,State,Minnesota,32,Applications,,Food security,2020-06-19 18:13:23,,,https://mn.gov/dhs/food-emergency/
Applications,# of Applications - Total,SNAP,Total,,2020-05-24,State,Minnesota,35,Applications,,Food security,2020-06-26 18:13:30,,,https://mn.gov/dhs/food-emergency/
Applications,# of Applications - Total,SNAP,Total,,2020-05-25,State,Minnesota,56,Applications,,Food security,2020-06-26 18:13:30,,,https://mn.gov/dhs/food-emergency/
Applications,# of Applications - Total,SNAP,Total,,2020-05-26,State,Minnesota,675,Applications,,Food security,2020-06-26 18:13:30,,,https://mn.gov/dhs/food-emergency/
Applications,# of Applications - Total,SNAP,Total,,2020-05-27,State,Minnesota,385,Applications,,Food security,2020-06-26 18:13:30,,,https://mn.gov/dhs/food-emergency/
Applications,# of Applications - Total,SNAP,Total,,2020-05-28,State,Minnesota,342,Applications,,Food security,2020-06-26 18:13:30,,,https://mn.gov/dhs/food-emergency/
Applications,# of Applications - Total,SNAP,Total,,2020-05-29,State,Minnesota,312,Applications,,Food security,2020-06-26 18:13:30,,,https://mn.gov/dhs/food-emergency/
Applications,# of Applications - Total,SNAP,Total,,2020-05-30,State,Minnesota,52,Applications,,Food security,2020-06-26 18:13:30,,,https://mn.gov/dhs/food-emergency/
Applications,# of Applications - Total,SNAP,Total,,2020-06-01,State,Minnesota,870,Applications,,Food security,2020-06-30 18:13:34,,,https://mn.gov/dhs/food-emergency/
Applications,# of Applications - Total,SNAP,Total,,2020-06-02,State,Minnesota,629,Applications,,Food security,2020-06-30 18:13:34,,,https://mn.gov/dhs/food-emergency/
Applications,# of Applications - Total,SNAP,Total,,2020-06-03,State,Minnesota,585,Applications,,Food security,2020-06-30 18:13:34,,,https://mn.gov/dhs/food-emergency/
Applications,# of Applications - Total,SNAP,Total,,2020-06-04,State,Minnesota,586,Applications,,Food security,2020-06-30 18:13:34,,,https://mn.gov/dhs/food-emergency/
Applications,# of Applications - Total,SNAP,Total,,2020-06-05,State,Minnesota,494,Applications,,Food security,2020-06-30 18:13:34,,,https://mn.gov/dhs/food-emergency/
Applications,# of Applications - Total,SNAP,Total,,2020-06-06,State,Minnesota,60,Applications,,Food security,2020-06-30 18:13:34,,,https://mn.gov/dhs/food-emergency/
Applications,# of Applications - Total,SNAP,Total,,2020-05-31,State,Minnesota,47,Applications,,Food security,2020-07-01 18:13:35,,,https://mn.gov/dhs/food-emergency/
Applications,# of Applications - Total,SNAP,Total,,2020-06-01,State,Minnesota,870,Applications,,Food security,2020-07-01 18:13:35,,,https://mn.gov/dhs/food-emergency/
Applications,# of Applications - Total,SNAP,Total,,2020-06-02,State,Minnesota,627,Applications,,Food security,2020-07-01 18:13:35,,,https://mn.gov/dhs/food-emergency/
Applications,# of Applications - Total,SNAP,Total,,2020-06-03,State,Minnesota,586,Applications,,Food security,2020-07-01 18:13:35,,,https://mn.gov/dhs/food-emergency/
Applications,# of Applications - Total,SNAP,Total,,2020-06-04,State,Minnesota,584,Applications,,Food security,2020-07-01 18:13:35,,,https://mn.gov/dhs/food-emergency/
Applications,# of Applications - Total,SNAP,Total,,2020-06-05,State,Minnesota,495,Applications,,Food security,2020-07-01 18:13:35,,,https://mn.gov/dhs/food-emergency/
Applications,# of Applications - Total,SNAP,Total,,2020-06-06,State,Minnesota,60,Applications,,Food security,2020-07-01 18:13:35,,,https://mn.gov/dhs/food-emergency/
Applications,# of Applications - Total,SNAP,Total,,2020-06-14,State,Minnesota,44,Applications,,Food security,2020-07-17 18:13:51,,,https://mn.gov/dhs/food-emergency/
Applications,# of Applications - Total,SNAP,Total,,2020-06-15,State,Minnesota,729,Applications,,Food security,2020-07-17 18:13:51,,,https://mn.gov/dhs/food-emergency/
Applications,# of Applications - Total,SNAP,Total,,2020-06-16,State,Minnesota,582,Applications,,Food security,2020-07-17 18:13:51,,,https://mn.gov/dhs/food-emergency/
Applications,# of Applications - Total,SNAP,Total,,2020-06-17,State,Minnesota,569,Applications,,Food security,2020-07-17 18:13:51,,,https://mn.gov/dhs/food-emergency/
Applications,# of Applications - Total,SNAP,Total,,2020-06-18,State,Minnesota,545,Applications,,Food security,2020-07-17 18:13:51,,,https://mn.gov/dhs/food-emergency/
Applications,# of Applications - Total,SNAP,Total,,2020-06-19,State,Minnesota,434,Applications,,Food security,2020-07-17 18:13:51,,,https://mn.gov/dhs/food-emergency/
Applications,# of Applications - Total,SNAP,Total,,2020-06-20,State,Minnesota,35,Applications,,Food security,2020-07-17 18:13:51,,,https://mn.gov/dhs/food-emergency/
Applications,# of Applications - Total,SNAP,Total,,2020-06-21,State,Minnesota,44,Applications,,Food security,2020-07-22 18:13:56,,,https://mn.gov/dhs/food-emergency/
Applications,# of Applications - Total,SNAP,Total,,2020-06-22,State,Minnesota,618,Applications,,Food security,2020-07-22 18:13:56,,,https://mn.gov/dhs/food-emergency/
Applications,# of Applications - Total,SNAP,Total,,2020-06-23,State,Minnesota,507,Applications,,Food security,2020-07-22 18:13:56,,,https://mn.gov/dhs/food-emergency/
Applications,# of Applications - Total,SNAP,Total,,2020-06-24,State,Minnesota,490,Applications,,Food security,2020-07-22 18:13:56,,,https://mn.gov/dhs/food-emergency/
Applications,# of Applications - Total,SNAP,Total,,2020-06-25,State,Minnesota,512,Applications,,Food security,2020-07-22 18:13:56,,,https://mn.gov/dhs/food-emergency/
Applications,# of Applications - Total,SNAP,Total,,2020-06-26,State,Minnesota,459,Applications,,Food security,2020-07-22 18:13:56,,,https://mn.gov/dhs/food-emergency/
Applications,# of Applications - Total,SNAP,Total,,2020-06-27,State,Minnesota,37,Applications,,Food security,2020-07-22 18:13:56,,,https://mn.gov/dhs/food-emergency/
Applications,# of Applications - Total,SNAP,Total,,2020-06-28,State,Minnesota,47,Applications,,Food security,2020-07-22 18:13:56,,,https://mn.gov/dhs/food-emergency/
Applications,# of Applications - Total,SNAP,Total,,2020-06-29,State,Minnesota,692,Applications,,Food security,2020-07-22 18:13:56,,,https://mn.gov/dhs/food-emergency/
Applications,# of Applications - Total,SNAP,Total,,2020-06-30,State,Minnesota,569,Applications,,Food security,2020-07-22 18:13:56,,,https://mn.gov/dhs/food-emergency/
Applications,# of Applications - Total,SNAP,Total,,2020-07-01,State,Minnesota,682,Applications,,Food security,2020-07-22 18:13:56,,,https://mn.gov/dhs/food-emergency/
Applications,# of Applications - Total,SNAP,Total,,2020-07-02,State,Minnesota,480,Applications,,Food security,2020-07-22 18:13:56,,,https://mn.gov/dhs/food-emergency/
Applications,# of Applications - Total,SNAP,Total,,2020-07-03,State,Minnesota,69,Applications,,Food security,2020-07-22 18:13:56,,,https://mn.gov/dhs/food-emergency/
Applications,# of Applications - Total,SNAP,Total,,2020-07-04,State,Minnesota,22,Applications,,Food security,2020-07-22 18:13:56,,,https://mn.gov/dhs/food-emergency/
Applications,# of Applications - Total,SNAP,Total,,2020-07-05,State,Minnesota,38,Applications,,Food security,2020-07-22 18:13:56,,,https://mn.gov/dhs/food-emergency/
Applications,# of Applications - Total,SNAP,Total,,2020-07-06,State,Minnesota,761,Applications,,Food security,2020-07-22 18:13:56,,,https://mn.gov/dhs/food-emergency/
Applications,# of Applications - Total,SNAP,Total,,2020-07-07,State,Minnesota,571,Applications,,Food security,2020-07-22 18:13:56,,,https://mn.gov/dhs/food-emergency/
Applications,# of Applications - Total,SNAP,Total,,2020-07-08,State,Minnesota,515,Applications,,Food security,2020-07-22 18:13:56,,,https://mn.gov/dhs/food-emergency/
Applications,# of Applications - Total,SNAP,Total,,2020-07-09,State,Minnesota,509,Applications,,Food security,2020-07-22 18:13:56,,,https://mn.gov/dhs/food-emergency/
Applications,# of Applications - Total,SNAP,Total,,2020-07-10,State,Minnesota,446,Applications,,Food security,2020-07-22 18:13:56,,,https://mn.gov/dhs/food-emergency/
Applications,# of Applications - Total,SNAP,Total,,2020-07-11,State,Minnesota,37,Applications,,Food security,2020-07-22 18:13:56,,,https://mn.gov/dhs/food-emergency/
Applications,# of Applications - Total,SNAP,Total,,2020-07-12,State,Minnesota,28,Applications,,Food security,2020-07-22 18:13:56,,,https://mn.gov/dhs/food-emergency/
Applications,# of Applications - Total,SNAP,Total,,2020-07-13,State,Minnesota,732,Applications,,Food security,2020-07-22 18:13:56,,,https://mn.gov/dhs/food-emergency/
Applications,# of Applications - Total,SNAP,Total,,2020-07-14,State,Minnesota,593,Applications,,Food security,2020-07-22 18:13:56,,,https://mn.gov/dhs/food-emergency/
Applications,# of Applications - Total,SNAP,Total,,2020-07-15,State,Minnesota,503,Applications,,Food security,2020-07-22 18:13:56,,,https://mn.gov/dhs/food-emergency/
Applications,# of Applications - Total,SNAP,Total,,2020-07-16,State,Minnesota,509,Applications,,Food security,2020-07-22 18:13:56,,,https://mn.gov/dhs/food-emergency/
Applications,# of Applications - Total,SNAP,Total,,2020-07-17,State,Minnesota,441,Applications,,Food security,2020-07-22 18:13:56,,,https://mn.gov/dhs/food-emergency/
Applications,# of Applications - Total,SNAP,Total,,2020-07-18,State,Minnesota,26,Applications,,Food security,2020-07-22 18:13:56,,,https://mn.gov/dhs/food-emergency/
New total capacity,,,,,2020-03-16,State,Minnesota,793,available slots,,Education and Care,2020-04-23 17:04:59,,,https://mn.gov/mmb/childcare/families/
New total capacity,,,,,2020-03-17,State,Minnesota,2963,available slots,,Education and Care,2020-04-23 17:04:59,,,https://mn.gov/mmb/childcare/families/
New total capacity,,,,,2020-03-18,State,Minnesota,1355,available slots,,Education and Care,2020-04-23 17:04:59,,,https://mn.gov/mmb/childcare/families/
New total capacity,,,,,2020-03-19,State,Minnesota,83,available slots,,Education and Care,2020-04-23 17:04:59,,,https://mn.gov/mmb/childcare/families/
New total capacity,,,,,2020-03-20,State,Minnesota,1919,available slots,,Education and Care,2020-04-23 17:04:59,,,https://mn.gov/mmb/childcare/families/
New total capacity,,,,,2020-03-21,State,Minnesota,562,available slots,,Education and Care,2020-04-23 17:04:59,,,https://mn.gov/mmb/childcare/families/
New total capacity,,,,,2020-03-22,State,Minnesota,982,available slots,,Education and Care,2020-04-23 17:04:59,,,https://mn.gov/mmb/childcare/families/
New total capacity,,,,,2020-03-23,State,Minnesota,2768,available slots,,Education and Care,2020-04-23 17:04:59,,,https://mn.gov/mmb/childcare/families/
New total capacity,,,,,2020-03-24,State,Minnesota,1115,available slots,,Education and Care,2020-04-23 17:04:59,,,https://mn.gov/mmb/childcare/families/
New total capacity,,,,,2020-03-25,State,Minnesota,1242,available slots,,Education and Care,2020-04-23 17:04:59,,,https://mn.gov/mmb/childcare/families/
New total capacity,,,,,2020-03-26,State,Minnesota,1233,available slots,,Education and Care,2020-04-23 17:04:59,,,https://mn.gov/mmb/childcare/families/
New total capacity,,,,,2020-03-27,State,Minnesota,464,available slots,,Education and Care,2020-04-23 17:04:59,,,https://mn.gov/mmb/childcare/families/
New total capacity,,,,,2020-03-28,State,Minnesota,67,available slots,,Education and Care,2020-04-23 17:04:59,,,https://mn.gov/mmb/childcare/families/
New total capacity,,,,,2020-03-29,State,Minnesota,150,available slots,,Education and Care,2020-04-23 17:04:59,,,https://mn.gov/mmb/childcare/families/
New total capacity,,,,,2020-03-30,State,Minnesota,641,available slots,,Education and Care,2020-04-23 17:04:59,,,https://mn.gov/mmb/childcare/families/
New total capacity,,,,,2020-03-31,State,Minnesota,333,available slots,,Education and Care,2020-04-23 17:04:59,,,https://mn.gov/mmb/childcare/families/
New total capacity,,,,,2020-04-01,State,Minnesota,324,available slots,,Education and Care,2020-04-23 17:04:59,,,https://mn.gov/mmb/childcare/families/
New total capacity,,,,,2020-04-02,State,Minnesota,149,available slots,,Education and Care,2020-04-23 17:04:59,,,https://mn.gov/mmb/childcare/families/
New total capacity,,,,,2020-04-03,State,Minnesota,1164,available slots,,Education and Care,2020-04-23 17:04:59,,,https://mn.gov/mmb/childcare/families/
New total capacity,,,,,2020-04-04,State,Minnesota,109,available slots,,Education and Care,2020-04-23 17:04:59,,,https://mn.gov/mmb/childcare/families/
New total capacity,,,,,2020-04-05,State,Minnesota,3027,available slots,,Education and Care,2020-04-23 17:04:59,,,https://mn.gov/mmb/childcare/families/
New total capacity,,,,,2020-04-06,State,Minnesota,217,available slots,,Education and Care,2020-04-23 17:04:59,,,https://mn.gov/mmb/childcare/families/
New total capacity,,,,,2020-04-07,State,Minnesota,225,available slots,,Education and Care,2020-04-23 17:04:59,,,https://mn.gov/mmb/childcare/families/
New total capacity,,,,,2020-04-08,State,Minnesota,498,available slots,,Education and Care,2020-04-23 17:04:59,,,https://mn.gov/mmb/childcare/families/
New total capacity,,,,,2020-04-09,State,Minnesota,482,available slots,,Education and Care,2020-04-23 17:04:59,,,https://mn.gov/mmb/childcare/families/
New total capacity,,,,,2020-04-10,State,Minnesota,193,available slots,,Education and Care,2020-04-23 17:04:59,,,https://mn.gov/mmb/childcare/families/
New total capacity,,,,,2020-04-11,State,Minnesota,12,available slots,,Education and Care,2020-04-23 17:04:59,,,https://mn.gov/mmb/childcare/families/
New total capacity,,,,,2020-04-12,State,Minnesota,10,available slots,,Education and Care,2020-04-23 17:04:59,,,https://mn.gov/mmb/childcare/families/
New total capacity,,,,,2020-04-13,State,Minnesota,69,available slots,,Education and Care,2020-04-23 17:04:59,,,https://mn.gov/mmb/childcare/families/
New total capacity,,,,,2020-04-14,State,Minnesota,307,available slots,,Education and Care,2020-04-23 17:04:59,,,https://mn.gov/mmb/childcare/families/
New total capacity,,,,,2020-04-15,State,Minnesota,53,available slots,,Education and Care,2020-04-23 17:04:59,,,https://mn.gov/mmb/childcare/families/
New total capacity,,,,,2020-04-16,State,Minnesota,90,available slots,,Education and Care,2020-04-23 17:04:59,,,https://mn.gov/mmb/childcare/families/
New total capacity,,,,,2020-04-17,State,Minnesota,466,available slots,,Education and Care,2020-04-23 17:04:59,,,https://mn.gov/mmb/childcare/families/
New total capacity,,,,,2020-04-18,State,Minnesota,33,available slots,,Education and Care,2020-04-23 17:04:59,,,https://mn.gov/mmb/childcare/families/
New total capacity,,,,,2020-04-19,State,Minnesota,0,available slots,,Education and Care,2020-04-23 17:04:59,,,https://mn.gov/mmb/childcare/families/
New total capacity,,,,,2020-04-20,State,Minnesota,128,available slots,,Education and Care,2020-04-23 17:04:59,,,https://mn.gov/mmb/childcare/families/
New total capacity,,,,,2020-04-21,State,Minnesota,260,available slots,,Education and Care,2020-04-23 17:04:59,,,https://mn.gov/mmb/childcare/families/
New total capacity,,,,,2020-04-22,State,Minnesota,527,available slots,,Education and Care,2020-04-23 17:04:59,,,https://mn.gov/mmb/childcare/families/
New total capacity,,,,,2020-04-23,State,Minnesota,236,available slots,,Education and Care,2020-04-23 17:04:59,,,https://mn.gov/mmb/childcare/families/
New total capacity,,,,,2020-04-24,State,Minnesota,2942,available slots,,Education and Care,2020-04-24 17:04:59,,,https://mn.gov/mmb/childcare/families/
New total capacity,,,,,2020-04-25,State,Minnesota,61,available slots,,Education and Care,2020-04-25 17:04:59,,,https://mn.gov/mmb/childcare/families/
New total capacity,,,,,2020-04-26,State,Minnesota,215,available slots,,Education and Care,2020-04-26 17:04:59,,,https://mn.gov/mmb/childcare/families/
New total capacity,,,,,2020-04-27,State,Minnesota,516,available slots,,Education and Care,2020-04-27 17:04:59,,,https://mn.gov/mmb/childcare/families/
New total capacity,,,,,2020-04-28,State,Minnesota,505,available slots,,Education and Care,2020-04-28 17:04:59,,,https://mn.gov/mmb/childcare/families/
New total capacity,,,,,2020-04-29,State,Minnesota,335,available slots,,Education and Care,2020-04-29 17:04:59,,,https://mn.gov/mmb/childcare/families/
New total capacity,,,,,2020-04-30,State,Minnesota,154,available slots,,Education and Care,2020-04-30 17:04:59,,,https://mn.gov/mmb/childcare/families/
New total capacity,,,,,2020-05-01,State,Minnesota,366,available slots,,Education and Care,2020-05-01 17:04:59,,,https://mn.gov/mmb/childcare/families/
New total capacity,,,,,2020-05-02,State,Minnesota,52,available slots,,Education and Care,2020-05-02 17:04:59,,,https://mn.gov/mmb/childcare/families/
New total capacity,,,,,2020-05-03,State,Minnesota,0,available slots,,Education and Care,2020-05-03 17:04:59,,,https://mn.gov/mmb/childcare/families/
New total capacity,,,,,2020-05-04,State,Minnesota,174,available slots,,Education and Care,2020-05-04 17:04:59,,,https://mn.gov/mmb/childcare/families/
New total capacity,,,,,2020-05-05,State,Minnesota,493,available slots,,Education and Care,2020-05-05 17:04:59,,,https://mn.gov/mmb/childcare/families/
New total capacity,,,,,2020-05-06,State,Minnesota,195,available slots,,Education and Care,2020-05-06 17:04:59,,,https://mn.gov/mmb/childcare/families/
New total capacity,,,,,2020-05-07,State,Minnesota,67,available slots,,Education and Care,2020-05-07 17:04:59,,,https://mn.gov/mmb/childcare/families/
New total capacity,,,,,2020-05-08,State,Minnesota,44,available slots,,Education and Care,2020-05-08 17:04:59,,,https://mn.gov/mmb/childcare/families/
New total capacity,,,,,2020-05-09,State,Minnesota,65,available slots,,Education and Care,2020-05-09 17:04:59,,,https://mn.gov/mmb/childcare/families/
New total capacity,,,,,2020-05-10,State,Minnesota,25,available slots,,Education and Care,2020-05-10 17:04:59,,,https://mn.gov/mmb/childcare/families/
New total capacity,,,,,2020-05-11,State,Minnesota,57,available slots,,Education and Care,2020-05-11 17:04:59,,,https://mn.gov/mmb/childcare/families/
New total capacity,,,,,2020-05-12,State,Minnesota,6,available slots,,Education and Care,2020-05-12 17:04:59,,,https://mn.gov/mmb/childcare/families/
New total capacity,,,,,2020-05-13,State,Minnesota,3,available slots,,Education and Care,2020-05-13 17:04:59,,,https://mn.gov/mmb/childcare/families/
New total capacity,,,,,2020-05-14,State,Minnesota,131,available slots,,Education and Care,2020-05-14 17:04:59,,,https://mn.gov/mmb/childcare/families/
New total capacity,,,,,2020-05-15,State,Minnesota,227,available slots,,Education and Care,2020-05-15 17:04:59,,,https://mn.gov/mmb/childcare/families/
New total capacity,,,,,2020-05-16,State,Minnesota,0,available slots,,Education and Care,2020-05-16 17:04:59,,,https://mn.gov/mmb/childcare/families/
New total capacity,,,,,2020-05-17,State,Minnesota,0,available slots,,Education and Care,2020-05-17 17:04:59,,,https://mn.gov/mmb/childcare/families/
New total capacity,,,,,2020-05-18,State,Minnesota,33,available slots,,Education and Care,2020-05-18 17:04:59,,,https://mn.gov/mmb/childcare/families/
New total capacity,,,,,2020-05-19,State,Minnesota,72,available slots,,Education and Care,2020-05-19 17:04:59,,,https://mn.gov/mmb/childcare/families/
New total capacity,,,,,2020-05-20,State,Minnesota,22,available slots,,Education and Care,2020-05-20 17:04:59,,,https://mn.gov/mmb/childcare/families/
New total capacity,,,,,2020-05-21,State,Minnesota,12,available slots,,Education and Care,2020-05-21 17:04:59,,,https://mn.gov/mmb/childcare/families/
New total capacity,,,,,2020-05-22,State,Minnesota,9,available slots,,Education and Care,2020-05-22 17:04:59,,,https://mn.gov/mmb/childcare/families/
New total capacity,,,,,2020-05-23,State,Minnesota,0,available slots,,Education and Care,2020-05-23 17:04:59,,,https://mn.gov/mmb/childcare/families/
New total capacity,,,,,2020-05-24,State,Minnesota,227,available slots,,Education and Care,2020-05-24 17:04:59,,,https://mn.gov/mmb/childcare/families/
New total capacity,,,,,2020-05-25,State,Minnesota,19,available slots,,Education and Care,2020-05-25 17:04:59,,,https://mn.gov/mmb/childcare/families/
New total capacity,,,,,2020-05-26,State,Minnesota,1198,available slots,,Education and Care,2020-05-26 17:04:59,,,https://mn.gov/mmb/childcare/families/
New total capacity,,,,,2020-05-27,State,Minnesota,544,available slots,,Education and Care,2020-05-27 17:04:59,,,https://mn.gov/mmb/childcare/families/
New total capacity,,,,,2020-05-28,State,Minnesota,975,available slots,,Education and Care,2020-05-28 17:04:59,,,https://mn.gov/mmb/childcare/families/
New total capacity,,,,,2020-05-29,State,Minnesota,21,available slots,,Education and Care,2020-05-29 17:04:59,,,https://mn.gov/mmb/childcare/families/
New total capacity,,,,,2020-05-30,State,Minnesota,0,available slots,,Education and Care,2020-05-30 17:04:59,,,https://mn.gov/mmb/childcare/families/
New total capacity,,,,,2020-05-31,State,Minnesota,0,available slots,,Education and Care,2020-05-31 17:04:59,,,https://mn.gov/mmb/childcare/families/
New total capacity,,,,,2020-06-01,State,Minnesota,28,available slots,,Education and Care,2020-06-01 17:04:59,,,https://mn.gov/mmb/childcare/families/
New total capacity,,,,,2020-06-02,State,Minnesota,110,available slots,,Education and Care,2020-06-02 17:04:59,,,https://mn.gov/mmb/childcare/families/
New total capacity,,,,,2020-06-03,State,Minnesota,209,available slots,,Education and Care,2020-06-03 17:04:59,,,https://mn.gov/mmb/childcare/families/
New total capacity,,,,,2020-06-04,State,Minnesota,108,available slots,,Education and Care,2020-06-04 17:04:59,,,https://mn.gov/mmb/childcare/families/
New total capacity,,,,,2020-06-05,State,Minnesota,72,available slots,,Education and Care,2020-06-05 17:04:59,,,https://mn.gov/mmb/childcare/families/
New total capacity,,,,,2020-06-06,State,Minnesota,0,available slots,,Education and Care,2020-06-06 17:04:59,,,https://mn.gov/mmb/childcare/families/
New total capacity,,,,,2020-06-07,State,Minnesota,7,available slots,,Education and Care,2020-06-07 17:04:59,,,https://mn.gov/mmb/childcare/families/
New total capacity,,,,,2020-06-08,State,Minnesota,70,available slots,,Education and Care,2020-06-08 17:04:59,,,https://mn.gov/mmb/childcare/families/
New total capacity,,,,,2020-06-09,State,Minnesota,20,available slots,,Education and Care,2020-06-09 17:04:59,,,https://mn.gov/mmb/childcare/families/
New total capacity,,,,,2020-06-10,State,Minnesota,25,available slots,,Education and Care,2020-06-10 17:04:59,,,https://mn.gov/mmb/childcare/families/
New total capacity,,,,,2020-06-11,State,Minnesota,154,available slots,,Education and Care,2020-06-11 17:04:59,,,https://mn.gov/mmb/childcare/families/
New total capacity,,,,,2020-06-12,State,Minnesota,112,available slots,,Education and Care,2020-06-12 17:04:59,,,https://mn.gov/mmb/childcare/families/
New total capacity,,,,,2020-06-13,State,Minnesota,8,available slots,,Education and Care,2020-06-13 17:04:59,,,https://mn.gov/mmb/childcare/families/
New total capacity,,,,,2020-06-14,State,Minnesota,33,available slots,,Education and Care,2020-06-14 17:04:59,,,https://mn.gov/mmb/childcare/families/
New total capacity,,,,,2020-06-15,State,Minnesota,101,available slots,,Education and Care,2020-06-15 17:04:59,,,https://mn.gov/mmb/childcare/families/
New total capacity,,,,,2020-06-16,State,Minnesota,44,available slots,,Education and Care,2020-06-16 17:04:59,,,https://mn.gov/mmb/childcare/families/
New total capacity,,,,,2020-06-17,State,Minnesota,15,available slots,,Education and Care,2020-06-17 17:04:59,,,https://mn.gov/mmb/childcare/families/
New total capacity,,,,,2020-06-18,State,Minnesota,4,available slots,,Education and Care,2020-06-18 17:04:59,,,https://mn.gov/mmb/childcare/families/
New total capacity,,,,,2020-06-19,State,Minnesota,75,available slots,,Education and Care,2020-06-19 17:04:59,,,https://mn.gov/mmb/childcare/families/
New total capacity,,,,,2020-06-20,State,Minnesota,19,available slots,,Education and Care,2020-06-20 17:04:59,,,https://mn.gov/mmb/childcare/families/
New total capacity,,,,,2020-06-21,State,Minnesota,12,available slots,,Education and Care,2020-06-21 17:04:59,,,https://mn.gov/mmb/childcare/families/
New total capacity,,,,,2020-06-22,State,Minnesota,32,available slots,,Education and Care,2020-06-22 17:04:59,,,https://mn.gov/mmb/childcare/families/
New total capacity,,,,,2020-06-23,State,Minnesota,370,available slots,,Education and Care,2020-06-23 17:04:59,,,https://mn.gov/mmb/childcare/families/
New total capacity,,,,,2020-06-24,State,Minnesota,108,available slots,,Education and Care,2020-06-24 17:04:59,,,https://mn.gov/mmb/childcare/families/
New total capacity,,,,,2020-06-25,State,Minnesota,6,available slots,,Education and Care,2020-06-25 17:04:59,,,https://mn.gov/mmb/childcare/families/
New total capacity,,,,,2020-06-26,State,Minnesota,38,available slots,,Education and Care,2020-06-26 17:04:59,,,https://mn.gov/mmb/childcare/families/
New total capacity,,,,,2020-06-27,State,Minnesota,0,available slots,,Education and Care,2020-06-27 17:04:59,,,https://mn.gov/mmb/childcare/families/
New total capacity,,,,,2020-06-28,State,Minnesota,10,available slots,,Education and Care,2020-06-28 17:04:59,,,https://mn.gov/mmb/childcare/families/
New total capacity,,,,,2020-06-29,State,Minnesota,158,available slots,,Education and Care,2020-06-29 17:04:59,,,https://mn.gov/mmb/childcare/families/
New total capacity,,,,,2020-06-30,State,Minnesota,6,available slots,,Education and Care,2020-06-30 17:04:59,,,https://mn.gov/mmb/childcare/families/
New total capacity,,,,,2020-07-01,State,Minnesota,165,available slots,,Education and Care,2020-07-01 17:04:59,,,https://mn.gov/mmb/childcare/families/
New total capacity,,,,,2020-07-02,State,Minnesota,412,available slots,,Education and Care,2020-07-02 17:04:59,,,https://mn.gov/mmb/childcare/families/
New total capacity,,,,,2020-07-03,State,Minnesota,24,available slots,,Education and Care,2020-07-03 17:04:59,,,https://mn.gov/mmb/childcare/families/
New total capacity,,,,,2020-07-04,State,Minnesota,12,available slots,,Education and Care,2020-07-04 17:04:59,,,https://mn.gov/mmb/childcare/families/
New total capacity,,,,,2020-07-05,State,Minnesota,0,available slots,,Education and Care,2020-07-05 17:04:59,,,https://mn.gov/mmb/childcare/families/
New total capacity,,,,,2020-07-06,State,Minnesota,35,available slots,,Education and Care,2020-07-06 17:04:59,,,https://mn.gov/mmb/childcare/families/
New total capacity,,,,,2020-07-07,State,Minnesota,83,available slots,,Education and Care,2020-07-07 17:04:59,,,https://mn.gov/mmb/childcare/families/
New total capacity,,,,,2020-07-08,State,Minnesota,48,available slots,,Education and Care,2020-07-08 17:04:59,,,https://mn.gov/mmb/childcare/families/
New total capacity,,,,,2020-07-09,State,Minnesota,10,available slots,,Education and Care,2020-07-09 17:04:59,,,https://mn.gov/mmb/childcare/families/
New total capacity,,,,,2020-07-10,State,Minnesota,168,available slots,,Education and Care,2020-07-10 17:04:59,,,https://mn.gov/mmb/childcare/families/
New total capacity,,,,,2020-07-11,State,Minnesota,8,available slots,,Education and Care,2020-07-11 17:04:59,,,https://mn.gov/mmb/childcare/families/
New total capacity,,,,,2020-07-12,State,Minnesota,0,available slots,,Education and Care,2020-07-12 17:04:59,,,https://mn.gov/mmb/childcare/families/
New total capacity,,,,,2020-07-13,State,Minnesota,347,available slots,,Education and Care,2020-07-13 17:04:59,,,https://mn.gov/mmb/childcare/families/
New total capacity,,,,,2020-07-14,State,Minnesota,355,available slots,,Education and Care,2020-07-14 17:04:59,,,https://mn.gov/mmb/childcare/families/
New total capacity,,,,,2020-07-15,State,Minnesota,2733,available slots,,Education and Care,2020-07-15 17:04:59,,,https://mn.gov/mmb/childcare/families/
New total capacity,,,,,2020-07-16,State,Minnesota,464,available slots,,Education and Care,2020-07-16 17:04:59,,,https://mn.gov/mmb/childcare/families/
New total capacity,,,,,2020-07-17,State,Minnesota,712,available slots,,Education and Care,2020-07-17 17:04:59,,,https://mn.gov/mmb/childcare/families/
New total capacity,,,,,2020-07-18,State,Minnesota,27,available slots,,Education and Care,2020-07-18 17:04:59,,,https://mn.gov/mmb/childcare/families/
New total capacity,,,,,2020-07-19,State,Minnesota,143,available slots,,Education and Care,2020-07-19 17:04:59,,,https://mn.gov/mmb/childcare/families/
New total capacity,,,,,2020-07-20,State,Minnesota,556,available slots,,Education and Care,2020-07-20 17:04:59,,,https://mn.gov/mmb/childcare/families/
New total capacity,,,,,2020-07-21,State,Minnesota,90,available slots,,Education and Care,2020-07-21 17:04:59,,,https://mn.gov/mmb/childcare/families/
New total capacity,,,,,2020-07-22,State,Minnesota,138,available slots,,Education and Care,2020-07-22 17:04:59,,,https://mn.gov/mmb/childcare/families/
# of loans made to small businesses,,,,,2020-04-03,State,Minnesota,17,loans,,Economic Security,2020-04-08 00:00:00,,,https://mn.gov/deed/newscenter/covid/
# of loans made to small businesses,,,,,2020-04-04,State,Minnesota,0,loans,,Economic Security,2020-04-08 00:00:00,,,https://mn.gov/deed/newscenter/covid/
# of loans made to small businesses,,,,,2020-04-05,State,Minnesota,0,loans,,Economic Security,2020-04-08 00:00:00,,,https://mn.gov/deed/newscenter/covid/
# of loans made to small businesses,,,,,2020-04-06,State,Minnesota,21,loans,,Economic Security,2020-04-08 00:00:00,,,https://mn.gov/deed/newscenter/covid/
# of loans made to small businesses,,,,,2020-04-07,State,Minnesota,20,loans,,Economic Security,2020-04-08 00:00:00,,,https://mn.gov/deed/newscenter/covid/
# of loans made to small businesses,,,,,2020-04-08,State,Minnesota,41,loans,,Economic Security,2020-04-08 00:00:00,,,https://mn.gov/deed/newscenter/covid/
# of loans made to small businesses,,,,,2020-04-09,State,Minnesota,36,loans,,Economic Security,2020-04-09 00:00:00,,,https://mn.gov/deed/newscenter/covid/
# of loans made to small businesses,,,,,2020-04-10,State,Minnesota,27,loans,,Economic Security,2020-04-10 00:00:00,,,https://mn.gov/deed/newscenter/covid/
# of loans made to small businesses,,,,,2020-04-11,State,Minnesota,0,loans,,Economic Security,2020-04-13 00:00:00,,,https://mn.gov/deed/newscenter/covid/
# of loans made to small businesses,,,,,2020-04-12,State,Minnesota,0,loans,,Economic Security,2020-04-13 00:00:00,,,https://mn.gov/deed/newscenter/covid/
# of loans made to small businesses,,,,,2020-04-13,State,Minnesota,52,loans,,Economic Security,2020-04-14 00:00:00,,,https://mn.gov/deed/newscenter/covid/
# of loans made to small businesses,,,,,2020-04-14,State,Minnesota,30,loans,,Economic Security,2020-04-14 00:00:00,,,https://mn.gov/deed/newscenter/covid/
# of loans made to small businesses,,,,,2020-04-15,State,Minnesota,43,loans,,Economic Security,2020-04-16 00:00:00,,,https://mn.gov/deed/newscenter/covid/
# of loans made to small businesses,,,,,2020-04-16,State,Minnesota,52,loans,,Economic Security,2020-04-16 00:00:00,,,https://mn.gov/deed/newscenter/covid/
# of loans made to small businesses,,,,,2020-04-17,State,Minnesota,28,loans,,Economic Security,2020-04-16 00:00:00,,,https://mn.gov/deed/newscenter/covid/
# of loans made to small businesses,,,,,2020-04-18,State,Minnesota,0,loans,,Economic Security,2020-04-13 00:00:00,,,https://mn.gov/deed/newscenter/covid/
# of loans made to small businesses,,,,,2020-04-19,State,Minnesota,0,loans,,Economic Security,2020-04-13 00:00:00,,,https://mn.gov/deed/newscenter/covid/
# of loans made to small businesses,,,,,2020-04-20,State,Minnesota,59,loans,,Economic Security,2020-04-13 00:00:00,,,https://mn.gov/deed/newscenter/covid/
# of loans made to small businesses,,,,,2020-04-21,State,Minnesota,37,loans,,Economic Security,2020-04-14 00:00:00,,,https://mn.gov/deed/newscenter/covid/
# of loans made to small businesses,,,,,2020-04-22,State,Minnesota,46,loans,,Economic Security,2020-04-15 00:00:00,,,https://mn.gov/deed/newscenter/covid/
# of loans made to small businesses,,,,,2020-04-23,State,Minnesota,53,loans,,Economic Security,2020-04-16 00:00:00,,,https://mn.gov/deed/newscenter/covid/
# of loans made to small businesses,,,,,2020-04-24,State,Minnesota,42,loans,,Economic Security,2020-04-17 00:00:00,,,https://mn.gov/deed/newscenter/covid/
# of loans made to small businesses,,,,,2020-04-25,State,Minnesota,0,loans,,Economic Security,2020-04-18 00:00:00,,,https://mn.gov/deed/newscenter/covid/
# of loans made to small businesses,,,,,2020-04-26,State,Minnesota,0,loans,,Economic Security,2020-04-19 00:00:00,,,https://mn.gov/deed/newscenter/covid/
# of loans made to small businesses,,,,,2020-04-27,State,Minnesota,20,loans,,Economic Security,2020-04-20 00:00:00,,,https://mn.gov/deed/newscenter/covid/
# of loans made to small businesses,,,,,2020-04-28,State,Minnesota,27,loans,,Economic Security,2020-04-21 00:00:00,,,https://mn.gov/deed/newscenter/covid/
# of loans made to small businesses,,,,,2020-04-29,State,Minnesota,17,loans,,Economic Security,2020-04-22 00:00:00,,,https://mn.gov/deed/newscenter/covid/
# of loans made to small businesses,,,,,2020-04-30,State,Minnesota,37,loans,,Economic Security,2020-04-23 00:00:00,,,https://mn.gov/deed/newscenter/covid/
# of loans made to small businesses,,,,,2020-05-01,State,Minnesota,27,loans,,Economic Security,2020-04-24 00:00:00,,,https://mn.gov/deed/newscenter/covid/
# of loans made to small businesses,,,,,2020-05-02,State,Minnesota,0,loans,,Economic Security,2020-04-24 00:00:00,,,https://mn.gov/deed/newscenter/covid/
# of loans made to small businesses,,,,,2020-05-03,State,Minnesota,0,loans,,Economic Security,2020-04-24 00:00:00,,,https://mn.gov/deed/newscenter/covid/
# of loans made to small businesses,,,,,2020-05-04,State,Minnesota,30,loans,,Economic Security,2020-04-25 00:00:00,,,https://mn.gov/deed/newscenter/covid/
# of loans made to small businesses,,,,,2020-05-05,State,Minnesota,34,loans,,Economic Security,2020-05-05 00:00:00,,,https://mn.gov/deed/newscenter/covid/
# of loans made to small businesses,,,,,2020-05-06,State,Minnesota,17,loans,,Economic Security,2020-05-06 00:00:00,,,https://mn.gov/deed/newscenter/covid/
# of loans made to small businesses,,,,,2020-05-07,State,Minnesota,18,loans,,Economic Security,2020-05-07 00:00:00,,,https://mn.gov/deed/newscenter/covid/
# of loans made to small businesses,,,,,2020-05-08,State,Minnesota,26,loans,,Economic Security,2020-05-08 00:00:00,,,https://mn.gov/deed/newscenter/covid/
# of loans made to small businesses,,,,,2020-05-09,State,Minnesota,0,loans,,Economic Security,2020-05-09 00:00:00,,,https://mn.gov/deed/newscenter/covid/
# of loans made to small businesses,,,,,2020-05-10,State,Minnesota,0,loans,,Economic Security,2020-05-10 00:00:00,,,https://mn.gov/deed/newscenter/covid/
# of loans made to small businesses,,,,,2020-05-11,State,Minnesota,17,loans,,Economic Security,2020-05-11 00:00:00,,,https://mn.gov/deed/newscenter/covid/
# of loans made to small businesses,,,,,2020-05-12,State,Minnesota,13,loans,,Economic Security,2020-05-12 00:00:00,,,https://mn.gov/deed/newscenter/covid/
# of loans made to small businesses,,,,,2020-05-13,State,Minnesota,16,loans,,Economic Security,2020-05-13 00:00:00,,,https://mn.gov/deed/newscenter/covid/
# of loans made to small businesses,,,,,2020-05-14,State,Minnesota,0,loans,,Economic Security,2020-05-14 00:00:00,,,https://mn.gov/deed/newscenter/covid/
# of loans made to small businesses,,,,,2020-05-15,State,Minnesota,17,loans,,Economic Security,2020-05-15 00:00:00,,,https://mn.gov/deed/newscenter/covid/
# of loans made to small businesses,,,,,2020-05-16,State,Minnesota,0,loans,,Economic Security,2020-05-16 00:00:00,,,https://mn.gov/deed/newscenter/covid/
# of loans made to small businesses,,,,,2020-05-17,State,Minnesota,0,loans,,Economic Security,2020-05-17 00:00:00,,,https://mn.gov/deed/newscenter/covid/
# of loans made to small businesses,,,,,2020-05-18,State,Minnesota,8,loans,,Economic Security,2020-05-18 00:00:00,,,https://mn.gov/deed/newscenter/covid/
# of loans made to small businesses,,,,,2020-05-19,State,Minnesota,14,loans,,Economic Security,2020-05-19 00:00:00,,,https://mn.gov/deed/newscenter/covid/
# of loans made to small businesses,,,,,2020-05-20,State,Minnesota,7,loans,,Economic Security,2020-05-20 00:00:00,,,https://mn.gov/deed/newscenter/covid/
# of loans made to small businesses,,,,,2020-05-21,State,Minnesota,10,loans,,Economic Security,2020-05-21 00:00:00,,,https://mn.gov/deed/newscenter/covid/
# of loans made to small businesses,,,,,2020-05-22,State,Minnesota,2,loans,,Economic Security,2020-05-22 00:00:00,,,https://mn.gov/deed/newscenter/covid/
# of loans made to small businesses,,,,,2020-05-23,State,Minnesota,0,loans,,Economic Security,2020-05-23 00:00:00,,,https://mn.gov/deed/newscenter/covid/
# of loans made to small businesses,,,,,2020-05-24,State,Minnesota,0,loans,,Economic Security,2020-05-24 00:00:00,,,https://mn.gov/deed/newscenter/covid/
# of loans made to small businesses,,,,,2020-05-25,State,Minnesota,0,loans,,Economic Security,2020-05-25 00:00:00,,,https://mn.gov/deed/newscenter/covid/
# of loans made to small businesses,,,,,2020-05-26,State,Minnesota,0,loans,,Economic Security,2020-05-26 00:00:00,,,https://mn.gov/deed/newscenter/covid/
# of loans made to small businesses,,,,,2020-05-27,State,Minnesota,0,loans,,Economic Security,2020-05-27 00:00:00,,,https://mn.gov/deed/newscenter/covid/
# of loans made to small businesses,,,,,2020-05-28,State,Minnesota,0,loans,,Economic Security,2020-05-28 00:00:00,,,https://mn.gov/deed/newscenter/covid/
# of loans made to small businesses,,,,,2020-05-29,State,Minnesota,0,loans,,Economic Security,2020-05-29 00:00:00,,,https://mn.gov/deed/newscenter/covid/
# of loans made to small businesses,,,,,2020-05-30,State,Minnesota,0,loans,,Economic Security,2020-05-30 00:00:00,,,https://mn.gov/deed/newscenter/covid/
# of loans made to small businesses,,,,,2020-05-31,State,Minnesota,0,loans,,Economic Security,2020-05-31 00:00:00,,,https://mn.gov/deed/newscenter/covid/
# of loans made to small businesses,,,,,2020-06-01,State,Minnesota,0,loans,,Economic Security,2020-06-01 00:00:00,,,https://mn.gov/deed/newscenter/covid/
# of loans made to small businesses,,,,,2020-06-02,State,Minnesota,0,loans,,Economic Security,2020-06-02 00:00:00,,,https://mn.gov/deed/newscenter/covid/
# of loans made to small businesses,,,,,2020-06-03,State,Minnesota,10,loans,,Economic Security,2020-06-03 00:00:00,,,https://mn.gov/deed/newscenter/covid/
# of loans made to small businesses,,,,,2020-06-04,State,Minnesota,0,loans,,Economic Security,2020-06-04 00:00:00,,,https://mn.gov/deed/newscenter/covid/
# of loans made to small businesses,,,,,2020-06-05,State,Minnesota,0,loans,,Economic Security,2020-06-05 00:00:00,,,https://mn.gov/deed/newscenter/covid/
# of loans made to small businesses,,,,,2020-06-06,State,Minnesota,0,loans,,Economic Security,2020-06-06 00:00:00,,,https://mn.gov/deed/newscenter/covid/
# of loans made to small businesses,,,,,2020-06-07,State,Minnesota,0,loans,,Economic Security,2020-06-07 00:00:00,,,https://mn.gov/deed/newscenter/covid/
# of loans made to small businesses,,,,,2020-06-08,State,Minnesota,0,loans,,Economic Security,2020-06-08 00:00:00,,,https://mn.gov/deed/newscenter/covid/
# of loans made to small businesses,,,,,2020-06-09,State,Minnesota,0,loans,,Economic Security,2020-06-09 00:00:00,,,https://mn.gov/deed/newscenter/covid/
# of loans made to small businesses,,,,,2020-06-10,State,Minnesota,0,loans,,Economic Security,2020-06-10 00:00:00,,,https://mn.gov/deed/newscenter/covid/
# of loans made to small businesses,,,,,2020-06-11,State,Minnesota,0,loans,,Economic Security,2020-06-11 00:00:00,,,https://mn.gov/deed/newscenter/covid/
# of loans made to small businesses,,,,,2020-06-12,State,Minnesota,3,loans,,Economic Security,2020-06-12 00:00:00,,,https://mn.gov/deed/newscenter/covid/
# of loans made to small businesses,,,,,2020-06-13,State,Minnesota,0,loans,,Economic Security,2020-06-13 00:00:00,,,https://mn.gov/deed/newscenter/covid/
# of loans made to small businesses,,,,,2020-06-14,State,Minnesota,0,loans,,Economic Security,2020-06-14 00:00:00,,,https://mn.gov/deed/newscenter/covid/
# of loans made to small businesses,,,,,2020-06-15,State,Minnesota,2,loans,,Economic Security,2020-06-15 00:00:00,,,https://mn.gov/deed/newscenter/covid/
# of loans made to small businesses,,,,,2020-06-16,State,Minnesota,2,loans,,Economic Security,2020-06-16 00:00:00,,,https://mn.gov/deed/newscenter/covid/
# of loans made to small businesses,,,,,2020-06-17,State,Minnesota,3,loans,,Economic Security,2020-06-17 00:00:00,,,https://mn.gov/deed/newscenter/covid/
# of loans made to small businesses,,,,,2020-06-18,State,Minnesota,9,loans,,Economic Security,2020-06-18 00:00:00,,,https://mn.gov/deed/newscenter/covid/
# of loans made to small businesses,,,,,2020-06-19,State,Minnesota,2,loans,,Economic Security,2020-06-19 00:00:00,,,https://mn.gov/deed/newscenter/covid/
# of loans made to small businesses,,,,,2020-06-20,State,Minnesota,0,loans,,Economic Security,2020-06-20 00:00:00,,,https://mn.gov/deed/newscenter/covid/
# of loans made to small businesses,,,,,2020-06-21,State,Minnesota,0,loans,,Economic Security,2020-06-21 00:00:00,,,https://mn.gov/deed/newscenter/covid/
# of loans made to small businesses,,,,,2020-06-22,State,Minnesota,2,loans,,Economic Security,2020-06-22 00:00:00,,,https://mn.gov/deed/newscenter/covid/
# of loans made to small businesses,,,,,2020-06-23,State,Minnesota,0,loans,,Economic Security,2020-06-23 00:00:00,,,https://mn.gov/deed/newscenter/covid/
# of loans made to small businesses,,,,,2020-06-24,State,Minnesota,7,loans,,Economic Security,2020-06-24 00:00:00,,,https://mn.gov/deed/newscenter/covid/
# of loans made to small businesses,,,,,2020-06-25,State,Minnesota,2,loans,,Economic Security,2020-06-25 00:00:00,,,https://mn.gov/deed/newscenter/covid/
# of loans made to small businesses,,,,,2020-06-26,State,Minnesota,6,loans,,Economic Security,2020-06-26 00:00:00,,,https://mn.gov/deed/newscenter/covid/
# of loans made to small businesses,,,,,2020-06-27,State,Minnesota,0,loans,,Economic Security,2020-06-27 00:00:00,,,https://mn.gov/deed/newscenter/covid/
# of loans made to small businesses,,,,,2020-06-28,State,Minnesota,0,loans,,Economic Security,2020-06-28 00:00:00,,,https://mn.gov/deed/newscenter/covid/
# of loans made to small businesses,,,,,2020-06-29,State,Minnesota,10,loans,,Economic Security,2020-06-29 00:00:00,,,https://mn.gov/deed/newscenter/covid/
# of new and reactivated accounts,New & Reactivated Accounts,,,,2020-03-15,State,Minnesota,0,Accounts,,Economic Security,2020-05-05 00:00:00,,,https://mn.gov/deed/newscenter/covid/
# of new and reactivated accounts,New & Reactivated Accounts,,,,2020-03-16,State,Minnesota,12114,Accounts,,Economic Security,2020-05-05 00:00:00,,,https://mn.gov/deed/newscenter/covid/
# of new and reactivated accounts,New & Reactivated Accounts,,,,2020-03-17,State,Minnesota,26981,Accounts,,Economic Security,2020-05-05 00:00:00,,,https://mn.gov/deed/newscenter/covid/
# of new and reactivated accounts,New & Reactivated Accounts,,,,2020-03-18,State,Minnesota,32152,Accounts,,Economic Security,2020-05-05 00:00:00,,,https://mn.gov/deed/newscenter/covid/
# of new and reactivated accounts,New & Reactivated Accounts,,,,2020-03-19,State,Minnesota,23411,Accounts,,Economic Security,2020-05-05 00:00:00,,,https://mn.gov/deed/newscenter/covid/
# of new and reactivated accounts,New & Reactivated Accounts,,,,2020-03-20,State,Minnesota,21079,Accounts,,Economic Security,2020-05-05 00:00:00,,,https://mn.gov/deed/newscenter/covid/
# of new and reactivated accounts,New & Reactivated Accounts,,,,2020-03-21,State,Minnesota,0,Accounts,,Economic Security,2020-05-05 00:00:00,,,https://mn.gov/deed/newscenter/covid/
# of new and reactivated accounts,New & Reactivated Accounts,,,,2020-03-22,State,Minnesota,10949,Accounts,,Economic Security,2020-05-05 00:00:00,,,https://mn.gov/deed/newscenter/covid/
# of new and reactivated accounts,New & Reactivated Accounts,,,,2020-03-23,State,Minnesota,21428,Accounts,,Economic Security,2020-05-05 00:00:00,,,https://mn.gov/deed/newscenter/covid/
# of new and reactivated accounts,New & Reactivated Accounts,,,,2020-03-24,State,Minnesota,15603,Accounts,,Economic Security,2020-05-05 00:00:00,,,https://mn.gov/deed/newscenter/covid/
# of new and reactivated accounts,New & Reactivated Accounts,,,,2020-03-25,State,Minnesota,18357,Accounts,,Economic Security,2020-05-05 00:00:00,,,https://mn.gov/deed/newscenter/covid/
# of new and reactivated accounts,New & Reactivated Accounts,,,,2020-03-26,State,Minnesota,20483,Accounts,,Economic Security,2020-05-05 00:00:00,,,https://mn.gov/deed/newscenter/covid/
# of new and reactivated accounts,New & Reactivated Accounts,,,,2020-03-27,State,Minnesota,23322,Accounts,,Economic Security,2020-05-05 00:00:00,,,https://mn.gov/deed/newscenter/covid/
# of new and reactivated accounts,New & Reactivated Accounts,,,,2020-03-28,State,Minnesota,0,Accounts,,Economic Security,2020-05-05 00:00:00,,,https://mn.gov/deed/newscenter/covid/
# of new and reactivated accounts,New & Reactivated Accounts,,,,2020-03-29,State,Minnesota,11602,Accounts,,Economic Security,2020-05-05 00:00:00,,,https://mn.gov/deed/newscenter/covid/
# of new and reactivated accounts,New & Reactivated Accounts,,,,2020-03-30,State,Minnesota,15870,Accounts,,Economic Security,2020-05-05 00:00:00,,,https://mn.gov/deed/newscenter/covid/
# of new and reactivated accounts,New & Reactivated Accounts,,,,2020-03-31,State,Minnesota,17190,Accounts,,Economic Security,2020-05-05 00:00:00,,,https://mn.gov/deed/newscenter/covid/
# of new and reactivated accounts,New & Reactivated Accounts,,,,2020-04-01,State,Minnesota,25440,Accounts,,Economic Security,2020-05-05 00:00:00,,,https://mn.gov/deed/newscenter/covid/
# of new and reactivated accounts,New & Reactivated Accounts,,,,2020-04-02,State,Minnesota,23369,Accounts,,Economic Security,2020-05-05 00:00:00,,,https://mn.gov/deed/newscenter/covid/
# of new and reactivated accounts,New & Reactivated Accounts,,,,2020-04-03,State,Minnesota,18955,Accounts,,Economic Security,2020-05-05 00:00:00,,,https://mn.gov/deed/newscenter/covid/
# of new and reactivated accounts,New & Reactivated Accounts,,,,2020-04-04,State,Minnesota,0,Accounts,,Economic Security,2020-05-05 00:00:00,,,https://mn.gov/deed/newscenter/covid/
# of new and reactivated accounts,New & Reactivated Accounts,,,,2020-04-05,State,Minnesota,4022,Accounts,,Economic Security,2020-05-05 00:00:00,,,https://mn.gov/deed/newscenter/covid/
# of new and reactivated accounts,New & Reactivated Accounts,,,,2020-04-06,State,Minnesota,13927,Accounts,,Economic Security,2020-05-05 00:00:00,,,https://mn.gov/deed/newscenter/covid/
# of new and reactivated accounts,New & Reactivated Accounts,,,,2020-04-07,State,Minnesota,13369,Accounts,,Economic Security,2020-05-05 00:00:00,,,https://mn.gov/deed/newscenter/covid/
# of new and reactivated accounts,New & Reactivated Accounts,,,,2020-04-08,State,Minnesota,19470,Accounts,,Economic Security,2020-05-05 00:00:00,,,https://mn.gov/deed/newscenter/covid/
# of new and reactivated accounts,New & Reactivated Accounts,,,,2020-04-09,State,Minnesota,24155,Accounts,,Economic Security,2020-05-05 00:00:00,,,https://mn.gov/deed/newscenter/covid/
# of new and reactivated accounts,New & Reactivated Accounts,,,,2020-04-10,State,Minnesota,17902,Accounts,,Economic Security,2020-05-05 00:00:00,,,https://mn.gov/deed/newscenter/covid/
# of new and reactivated accounts,New & Reactivated Accounts,,,,2020-04-11,State,Minnesota,0,Accounts,,Economic Security,2020-05-05 00:00:00,,,https://mn.gov/deed/newscenter/covid/
# of new and reactivated accounts,New & Reactivated Accounts,,,,2020-04-12,State,Minnesota,4027,Accounts,,Economic Security,2020-05-05 00:00:00,,,https://mn.gov/deed/newscenter/covid/
# of new and reactivated accounts,New & Reactivated Accounts,,,,2020-04-13,State,Minnesota,12313,Accounts,,Economic Security,2020-05-05 00:00:00,,,https://mn.gov/deed/newscenter/covid/
# of new and reactivated accounts,New & Reactivated Accounts,,,,2020-04-14,State,Minnesota,13307,Accounts,,Economic Security,2020-05-05 00:00:00,,,https://mn.gov/deed/newscenter/covid/
# of new and reactivated accounts,New & Reactivated Accounts,,,,2020-04-15,State,Minnesota,18266,Accounts,,Economic Security,2020-05-05 00:00:00,,,https://mn.gov/deed/newscenter/covid/
# of new and reactivated accounts,New & Reactivated Accounts,,,,2020-04-16,State,Minnesota,16952,Accounts,,Economic Security,2020-05-05 00:00:00,,,https://mn.gov/deed/newscenter/covid/
# of new and reactivated accounts,New & Reactivated Accounts,,,,2020-04-17,State,Minnesota,12230,Accounts,,Economic Security,2020-05-05 00:00:00,,,https://mn.gov/deed/newscenter/covid/
# of new and reactivated accounts,New & Reactivated Accounts,,,,2020-04-18,State,Minnesota,0,Accounts,,Economic Security,2020-05-05 00:00:00,,,https://mn.gov/deed/newscenter/covid/
# of new and reactivated accounts,New & Reactivated Accounts,,,,2020-04-19,State,Minnesota,3238,Accounts,,Economic Security,2020-05-05 00:00:00,,,https://mn.gov/deed/newscenter/covid/
# of new and reactivated accounts,New & Reactivated Accounts,,,,2020-04-20,State,Minnesota,8602,Accounts,,Economic Security,2020-05-05 00:00:00,,,https://mn.gov/deed/newscenter/covid/
# of new and reactivated accounts,New & Reactivated Accounts,,,,2020-04-21,State,Minnesota,8601,Accounts,,Economic Security,2020-05-05 00:00:00,,,https://mn.gov/deed/newscenter/covid/
# of new and reactivated accounts,New & Reactivated Accounts,,,,2020-04-22,State,Minnesota,10653,Accounts,,Economic Security,2020-05-05 00:00:00,,,https://mn.gov/deed/newscenter/covid/
# of new and reactivated accounts,New & Reactivated Accounts,,,,2020-04-23,State,Minnesota,11373,Accounts,,Economic Security,2020-05-05 00:00:00,,,https://mn.gov/deed/newscenter/covid/
# of new and reactivated accounts,New & Reactivated Accounts,,,,2020-04-24,State,Minnesota,9440,Accounts,,Economic Security,2020-05-05 00:00:00,,,https://mn.gov/deed/newscenter/covid/
# of new and reactivated accounts,New & Reactivated Accounts,,,,2020-04-25,State,Minnesota,0,Accounts,,Economic Security,2020-05-05 00:00:00,,,https://mn.gov/deed/newscenter/covid/
# of new and reactivated accounts,New & Reactivated Accounts,,,,2020-04-26,State,Minnesota,2960,Accounts,,Economic Security,2020-05-05 00:00:00,,,https://mn.gov/deed/newscenter/covid/
# of new and reactivated accounts,New & Reactivated Accounts,,,,2020-04-27,State,Minnesota,7362,Accounts,,Economic Security,2020-05-05 00:00:00,,,https://mn.gov/deed/newscenter/covid/
# of new and reactivated accounts,New & Reactivated Accounts,,,,2020-04-28,State,Minnesota,7869,Accounts,,Economic Security,2020-05-05 00:00:00,,,https://mn.gov/deed/newscenter/covid/
# of new and reactivated accounts,New & Reactivated Accounts,,,,2020-04-29,State,Minnesota,9740,Accounts,,Economic Security,2020-05-05 00:00:00,,,https://mn.gov/deed/newscenter/covid/
# of new and reactivated accounts,New & Reactivated Accounts,,,,2020-04-30,State,Minnesota,9816,Accounts,,Economic Security,2020-05-05 00:00:00,,,https://mn.gov/deed/newscenter/covid/
# of new and reactivated accounts,New & Reactivated Accounts,,,,2020-05-01,State,Minnesota,9068,Accounts,,Economic Security,2020-05-05 00:00:00,,,https://mn.gov/deed/newscenter/covid/
# of new and reactivated accounts,New & Reactivated Accounts,,,,2020-05-02,State,Minnesota,0,Accounts,,Economic Security,2020-05-05 00:00:00,,,https://mn.gov/deed/newscenter/covid/
# of new and reactivated accounts,New & Reactivated Accounts,,,,2020-05-03,State,Minnesota,3018,Accounts,,Economic Security,2020-05-05 00:00:00,,,https://mn.gov/deed/newscenter/covid/
# of new and reactivated accounts,New & Reactivated Accounts,,,,2020-05-04,State,Minnesota,7470,Accounts,,Economic Security,2020-05-05 00:00:00,,,https://mn.gov/deed/newscenter/covid/
# of new and reactivated accounts,New & Reactivated Accounts,,,,2020-05-05,State,Minnesota,6708,Accounts,,Economic Security,2020-05-05 00:00:00,,,https://mn.gov/deed/newscenter/covid/
# of new and reactivated accounts,New & Reactivated Accounts,,,,2020-05-06,State,Minnesota,8487,Accounts,,Economic Security,2020-05-05 00:00:00,,,https://mn.gov/deed/newscenter/covid/
# of new and reactivated accounts,New & Reactivated Accounts,,,,2020-05-07,State,Minnesota,7433,Accounts,,Economic Security,2020-05-06 00:00:00,,,https://mn.gov/deed/newscenter/covid/
# of new and reactivated accounts,New & Reactivated Accounts,,,,2020-05-08,State,Minnesota,6526,Accounts,,Economic Security,2020-05-07 00:00:00,,,https://mn.gov/deed/newscenter/covid/
# of new and reactivated accounts,New & Reactivated Accounts,,,,2020-05-09,State,Minnesota,0,Accounts,,Economic Security,2020-05-08 00:00:00,,,https://mn.gov/deed/newscenter/covid/
# of new and reactivated accounts,New & Reactivated Accounts,,,,2020-05-10,State,Minnesota,2623,Accounts,,Economic Security,2020-05-09 00:00:00,,,https://mn.gov/deed/newscenter/covid/
# of new and reactivated accounts,New & Reactivated Accounts,,,,2020-05-11,State,Minnesota,5966,Accounts,,Economic Security,2020-05-10 00:00:00,,,https://mn.gov/deed/newscenter/covid/
# of new and reactivated accounts,New & Reactivated Accounts,,,,2020-05-12,State,Minnesota,5280,Accounts,,Economic Security,2020-05-11 00:00:00,,,https://mn.gov/deed/newscenter/covid/
# of new and reactivated accounts,New & Reactivated Accounts,,,,2020-05-13,State,Minnesota,7080,Accounts,,Economic Security,2020-05-12 00:00:00,,,https://mn.gov/deed/newscenter/covid/
# of new and reactivated accounts,New & Reactivated Accounts,,,,2020-05-14,State,Minnesota,6422,Accounts,,Economic Security,2020-05-13 00:00:00,,,https://mn.gov/deed/newscenter/covid/
# of new and reactivated accounts,New & Reactivated Accounts,,,,2020-05-15,State,Minnesota,5080,Accounts,,Economic Security,2020-05-14 00:00:00,,,https://mn.gov/deed/newscenter/covid/
# of new and reactivated accounts,New & Reactivated Accounts,,,,2020-05-16,State,Minnesota,0,Accounts,,Economic Security,2020-05-15 00:00:00,,,https://mn.gov/deed/newscenter/covid/
# of new and reactivated accounts,New & Reactivated Accounts,,,,2020-05-17,State,Minnesota,2689,Accounts,,Economic Security,2020-05-16 00:00:00,,,https://mn.gov/deed/newscenter/covid/
# of new and reactivated accounts,New & Reactivated Accounts,,,,2020-05-18,State,Minnesota,4688,Accounts,,Economic Security,2020-05-17 00:00:00,,,https://mn.gov/deed/newscenter/covid/
# of new and reactivated accounts,New & Reactivated Accounts,,,,2020-05-19,State,Minnesota,4325,Accounts,,Economic Security,2020-05-18 00:00:00,,,https://mn.gov/deed/newscenter/covid/
# of new and reactivated accounts,New & Reactivated Accounts,,,,2020-05-20,State,Minnesota,4933,Accounts,,Economic Security,2020-05-19 00:00:00,,,https://mn.gov/deed/newscenter/covid/
# of new and reactivated accounts,New & Reactivated Accounts,,,,2020-05-21,State,Minnesota,5191,Accounts,,Economic Security,2020-05-20 00:00:00,,,https://mn.gov/deed/newscenter/covid/
# of new and reactivated accounts,New & Reactivated Accounts,,,,2020-05-22,State,Minnesota,4386,Accounts,,Economic Security,2020-05-21 00:00:00,,,https://mn.gov/deed/newscenter/covid/
# of new and reactivated accounts,New & Reactivated Accounts,,,,2020-05-23,State,Minnesota,0,Accounts,,Economic Security,2020-05-22 00:00:00,,,https://mn.gov/deed/newscenter/covid/
# of new and reactivated accounts,New & Reactivated Accounts,,,,2020-05-24,State,Minnesota,1853,Accounts,,Economic Security,2020-05-23 00:00:00,,,https://mn.gov/deed/newscenter/covid/
# of new and reactivated accounts,New & Reactivated Accounts,,,,2020-05-25,State,Minnesota,2153,Accounts,,Economic Security,2020-05-24 00:00:00,,,https://mn.gov/deed/newscenter/covid/
# of new and reactivated accounts,New & Reactivated Accounts,,,,2020-05-26,State,Minnesota,4186,Accounts,,Economic Security,2020-05-25 00:00:00,,,https://mn.gov/deed/newscenter/covid/
# of new and reactivated accounts,New & Reactivated Accounts,,,,2020-05-27,State,Minnesota,4253,Accounts,,Economic Security,2020-05-26 00:00:00,,,https://mn.gov/deed/newscenter/covid/
# of new and reactivated accounts,New & Reactivated Accounts,,,,2020-05-28,State,Minnesota,4320,Accounts,,Economic Security,2020-05-27 00:00:00,,,https://mn.gov/deed/newscenter/covid/
# of new and reactivated accounts,New & Reactivated Accounts,,,,2020-05-29,State,Minnesota,3766,Accounts,,Economic Security,2020-05-28 00:00:00,,,https://mn.gov/deed/newscenter/covid/
# of new and reactivated accounts,New & Reactivated Accounts,,,,2020-05-30,State,Minnesota,0,Accounts,,Economic Security,2020-05-29 00:00:00,,,https://mn.gov/deed/newscenter/covid/
# of new and reactivated accounts,New & Reactivated Accounts,,,,2020-05-31,State,Minnesota,2179,Accounts,,Economic Security,2020-05-30 00:00:00,,,https://mn.gov/deed/newscenter/covid/
# of new and reactivated accounts,New & Reactivated Accounts,,,,2020-06-01,State,Minnesota,4896,Accounts,,Economic Security,2020-05-31 00:00:00,,,https://mn.gov/deed/newscenter/covid/
# of new and reactivated accounts,New & Reactivated Accounts,,,,2020-06-02,State,Minnesota,3937,Accounts,,Economic Security,2020-06-01 00:00:00,,,https://mn.gov/deed/newscenter/covid/
# of new and reactivated accounts,New & Reactivated Accounts,,,,2020-06-03,State,Minnesota,4948,Accounts,,Economic Security,2020-06-02 00:00:00,,,https://mn.gov/deed/newscenter/covid/
# of new and reactivated accounts,New & Reactivated Accounts,,,,2020-06-04,State,Minnesota,5718,Accounts,,Economic Security,2020-06-03 00:00:00,,,https://mn.gov/deed/newscenter/covid/
# of new and reactivated accounts,New & Reactivated Accounts,,,,2020-06-05,State,Minnesota,4911,Accounts,,Economic Security,2020-06-04 00:00:00,,,https://mn.gov/deed/newscenter/covid/
# of new and reactivated accounts,New & Reactivated Accounts,,,,2020-06-06,State,Minnesota,0,Accounts,,Economic Security,2020-06-05 00:00:00,,,https://mn.gov/deed/newscenter/covid/
# of new and reactivated accounts,New & Reactivated Accounts,,,,2020-06-07,State,Minnesota,2626,Accounts,,Economic Security,2020-06-06 00:00:00,,,https://mn.gov/deed/newscenter/covid/
# of new and reactivated accounts,New & Reactivated Accounts,,,,2020-06-08,State,Minnesota,4676,Accounts,,Economic Security,2020-06-07 00:00:00,,,https://mn.gov/deed/newscenter/covid/
# of new and reactivated accounts,New & Reactivated Accounts,,,,2020-06-09,State,Minnesota,4033,Accounts,,Economic Security,2020-06-08 00:00:00,,,https://mn.gov/deed/newscenter/covid/
# of new and reactivated accounts,New & Reactivated Accounts,,,,2020-06-10,State,Minnesota,4675,Accounts,,Economic Security,2020-06-09 00:00:00,,,https://mn.gov/deed/newscenter/covid/
# of new and reactivated accounts,New & Reactivated Accounts,,,,2020-06-11,State,Minnesota,4377,Accounts,,Economic Security,2020-06-10 00:00:00,,,https://mn.gov/deed/newscenter/covid/
# of new and reactivated accounts,New & Reactivated Accounts,,,,2020-06-12,State,Minnesota,3284,Accounts,,Economic Security,2020-06-11 00:00:00,,,https://mn.gov/deed/newscenter/covid/
# of new and reactivated accounts,New & Reactivated Accounts,,,,2020-06-13,State,Minnesota,0,Accounts,,Economic Security,2020-06-12 00:00:00,,,https://mn.gov/deed/newscenter/covid/
# of new and reactivated accounts,New & Reactivated Accounts,,,,2020-06-14,State,Minnesota,1877,Accounts,,Economic Security,2020-06-13 00:00:00,,,https://mn.gov/deed/newscenter/covid/
# of new and reactivated accounts,New & Reactivated Accounts,,,,2020-06-15,State,Minnesota,3820,Accounts,,Economic Security,2020-06-14 00:00:00,,,https://mn.gov/deed/newscenter/covid/
# of new and reactivated accounts,New & Reactivated Accounts,,,,2020-06-16,State,Minnesota,3165,Accounts,,Economic Security,2020-06-15 00:00:00,,,https://mn.gov/deed/newscenter/covid/
# of new and reactivated accounts,New & Reactivated Accounts,,,,2020-06-17,State,Minnesota,3525,Accounts,,Economic Security,2020-06-16 00:00:00,,,https://mn.gov/deed/newscenter/covid/
# of new and reactivated accounts,New & Reactivated Accounts,,,,2020-06-18,State,Minnesota,3376,Accounts,,Economic Security,2020-06-17 00:00:00,,,https://mn.gov/deed/newscenter/covid/
# of new and reactivated accounts,New & Reactivated Accounts,,,,2020-06-19,State,Minnesota,2708,Accounts,,Economic Security,2020-06-18 00:00:00,,,https://mn.gov/deed/newscenter/covid/
# of new and reactivated accounts,New & Reactivated Accounts,,,,2020-06-20,State,Minnesota,0,Accounts,,Economic Security,2020-06-19 00:00:00,,,https://mn.gov/deed/newscenter/covid/
# of new and reactivated accounts,New & Reactivated Accounts,,,,2020-06-21,State,Minnesota,1667,Accounts,,Economic Security,2020-06-20 00:00:00,,,https://mn.gov/deed/newscenter/covid/
# of new and reactivated accounts,New & Reactivated Accounts,,,,2020-06-22,State,Minnesota,3575,Accounts,,Economic Security,2020-06-21 00:00:00,,,https://mn.gov/deed/newscenter/covid/
# of new and reactivated accounts,New & Reactivated Accounts,,,,2020-06-23,State,Minnesota,2862,Accounts,,Economic Security,2020-06-22 00:00:00,,,https://mn.gov/deed/newscenter/covid/
# of new and reactivated accounts,New & Reactivated Accounts,,,,2020-06-24,State,Minnesota,3265,Accounts,,Economic Security,2020-06-23 00:00:00,,,https://mn.gov/deed/newscenter/covid/
# of new and reactivated accounts,New & Reactivated Accounts,,,,2020-06-25,State,Minnesota,3191,Accounts,,Economic Security,2020-06-24 00:00:00,,,https://mn.gov/deed/newscenter/covid/
# of new and reactivated accounts,New & Reactivated Accounts,,,,2020-06-26,State,Minnesota,2843,Accounts,,Economic Security,2020-06-25 00:00:00,,,https://mn.gov/deed/newscenter/covid/
# of new and reactivated accounts,New & Reactivated Accounts,,,,2020-06-27,State,Minnesota,0,Accounts,,Economic Security,2020-06-26 00:00:00,,,https://mn.gov/deed/newscenter/covid/
# of new and reactivated accounts,New & Reactivated Accounts,,,,2020-06-28,State,Minnesota,1886,Accounts,,Economic Security,2020-06-27 00:00:00,,,https://mn.gov/deed/newscenter/covid/
# of new and reactivated accounts,New & Reactivated Accounts,,,,2020-06-29,State,Minnesota,4037,Accounts,,Economic Security,2020-06-28 00:00:00,,,https://mn.gov/deed/newscenter/covid/
# of new and reactivated accounts,New & Reactivated Accounts,,,,2020-06-30,State,Minnesota,3153,Accounts,,Economic Security,2020-06-29 00:00:00,,,https://mn.gov/deed/newscenter/covid/
# of new and reactivated accounts,New & Reactivated Accounts,,,,2020-07-01,State,Minnesota,3467,Accounts,,Economic Security,2020-06-30 00:00:00,,,https://mn.gov/deed/newscenter/covid/
# of new and reactivated accounts,New & Reactivated Accounts,,,,2020-07-02,State,Minnesota,3347,Accounts,,Economic Security,2020-07-01 00:00:00,,,https://mn.gov/deed/newscenter/covid/
# of new and reactivated accounts,New & Reactivated Accounts,,,,2020-07-03,State,Minnesota,1562,Accounts,,Economic Security,2020-07-02 00:00:00,,,https://mn.gov/deed/newscenter/covid/
# of new and reactivated accounts,New & Reactivated Accounts,,,,2020-07-04,State,Minnesota,0,Accounts,,Economic Security,2020-07-03 00:00:00,,,https://mn.gov/deed/newscenter/covid/
# of new and reactivated accounts,New & Reactivated Accounts,,,,2020-07-05,State,Minnesota,2050,Accounts,,Economic Security,2020-07-04 00:00:00,,,https://mn.gov/deed/newscenter/covid/
# of new and reactivated accounts,New & Reactivated Accounts,,,,2020-07-06,State,Minnesota,4632,Accounts,,Economic Security,2020-07-05 00:00:00,,,https://mn.gov/deed/newscenter/covid/
# of new and reactivated accounts,New & Reactivated Accounts,,,,2020-07-07,State,Minnesota,3164,Accounts,,Economic Security,2020-07-06 00:00:00,,,https://mn.gov/deed/newscenter/covid/
# of new and reactivated accounts,New & Reactivated Accounts,,,,2020-07-08,State,Minnesota,3373,Accounts,,Economic Security,2020-07-07 00:00:00,,,https://mn.gov/deed/newscenter/covid/
# of new and reactivated accounts,New & Reactivated Accounts,,,,2020-07-09,State,Minnesota,2982,Accounts,,Economic Security,2020-07-08 00:00:00,,,https://mn.gov/deed/newscenter/covid/
# of new and reactivated accounts,New & Reactivated Accounts,,,,2020-07-10,State,Minnesota,2606,Accounts,,Economic Security,2020-07-09 00:00:00,,,https://mn.gov/deed/newscenter/covid/
# of new and reactivated accounts,New & Reactivated Accounts,,,,2020-07-11,State,Minnesota,0,Accounts,,Economic Security,2020-07-10 00:00:00,,,https://mn.gov/deed/newscenter/covid/
# of new and reactivated accounts,New & Reactivated Accounts,,,,2020-07-12,State,Minnesota,1821,Accounts,,Economic Security,2020-07-11 00:00:00,,,https://mn.gov/deed/newscenter/covid/
# of new and reactivated accounts,New & Reactivated Accounts,,,,2020-07-13,State,Minnesota,3397,Accounts,,Economic Security,2020-07-12 00:00:00,,,https://mn.gov/deed/newscenter/covid/
# of new and reactivated accounts,New & Reactivated Accounts,,,,2020-07-14,State,Minnesota,2549,Accounts,,Economic Security,2020-07-13 00:00:00,,,https://mn.gov/deed/newscenter/covid/
# of new and reactivated accounts,New & Reactivated Accounts,,,,2020-07-15,State,Minnesota,2760,Accounts,,Economic Security,2020-07-14 00:00:00,,,https://mn.gov/deed/newscenter/covid/
# of new and reactivated accounts,New & Reactivated Accounts,,,,2020-07-16,State,Minnesota,2704,Accounts,,Economic Security,2020-07-15 00:00:00,,,https://mn.gov/deed/newscenter/covid/
# of new and reactivated accounts,New & Reactivated Accounts,,,,2020-07-17,State,Minnesota,2331,Accounts,,Economic Security,2020-07-16 00:00:00,,,https://mn.gov/deed/newscenter/covid/
# of new and reactivated accounts,New & Reactivated Accounts,,,,2020-07-18,State,Minnesota,0,Accounts,,Economic Security,2020-07-17 00:00:00,,,https://mn.gov/deed/newscenter/covid/
# of new and reactivated accounts,New & Reactivated Accounts,,,,2020-07-19,State,Minnesota,1504,Accounts,,Economic Security,2020-07-18 00:00:00,,,https://mn.gov/deed/newscenter/covid/
# of new and reactivated accounts,New & Reactivated Accounts,,,,2020-07-20,State,Minnesota,2934,Accounts,,Economic Security,2020-07-19 00:00:00,,,https://mn.gov/deed/newscenter/covid/
# of new and reactivated accounts,New & Reactivated Accounts,,,,2020-07-21,State,Minnesota,2221,Accounts,,Economic Security,2020-07-20 00:00:00,,,https://mn.gov/deed/newscenter/covid/
# of new and reactivated accounts,New & Reactivated Accounts,,,,2020-07-22,State,Minnesota,2398,Accounts,,Economic Security,2020-07-21 00:00:00,,,https://mn.gov/deed/newscenter/covid/
$ of loans made to small businesses,,,,,2020-04-03,State,Minnesota,590000,dollars,,Economic Security,2020-04-08 00:00:00,,,https://mn.gov/deed/newscenter/covid/
$ of loans made to small businesses,,,,,2020-04-04,State,Minnesota,0,dollars,,Economic Security,2020-04-08 00:00:00,,,https://mn.gov/deed/newscenter/covid/
$ of loans made to small businesses,,,,,2020-04-05,State,Minnesota,0,dollars,,Economic Security,2020-04-08 00:00:00,,,https://mn.gov/deed/newscenter/covid/
$ of loans made to small businesses,,,,,2020-04-06,State,Minnesota,730000,dollars,,Economic Security,2020-04-08 00:00:00,,,https://mn.gov/deed/newscenter/covid/
$ of loans made to small businesses,,,,,2020-04-07,State,Minnesota,640000,dollars,,Economic Security,2020-04-08 00:00:00,,,https://mn.gov/deed/newscenter/covid/
$ of loans made to small businesses,,,,,2020-04-08,State,Minnesota,1300000,dollars,,Economic Security,2020-04-08 00:00:00,,,https://mn.gov/deed/newscenter/covid/
$ of loans made to small businesses,,,,,2020-04-09,State,Minnesota,1200000,dollars,,Economic Security,2020-04-09 00:00:00,,,https://mn.gov/deed/newscenter/covid/
$ of loans made to small businesses,,,,,2020-04-10,State,Minnesota,800000,dollars,,Economic Security,2020-04-10 00:00:00,,,https://mn.gov/deed/newscenter/covid/
$ of loans made to small businesses,,,,,2020-04-11,State,Minnesota,0,dollars,,Economic Security,2020-04-13 00:00:00,,,https://mn.gov/deed/newscenter/covid/
$ of loans made to small businesses,,,,,2020-04-12,State,Minnesota,0,dollars,,Economic Security,2020-04-13 00:00:00,,,https://mn.gov/deed/newscenter/covid/
$ of loans made to small businesses,,,,,2020-04-13,State,Minnesota,1550000,loans,,Economic Security,2020-04-14 00:00:00,,,https://mn.gov/deed/newscenter/covid/
$ of loans made to small businesses,,,,,2020-04-14,State,Minnesota,880000,loans,,Economic Security,2020-04-14 00:00:00,,,https://mn.gov/deed/newscenter/covid/
$ of loans made to small businesses,,,,,2020-04-15,State,Minnesota,1350000,loans,,Economic Security,2020-04-16 00:00:00,,,https://mn.gov/deed/newscenter/covid/
$ of loans made to small businesses,,,,,2020-04-16,State,Minnesota,1500000,loans,,Economic Security,2020-04-16 00:00:00,,,https://mn.gov/deed/newscenter/covid/
$ of loans made to small businesses,,,,,2020-04-17,State,Minnesota,820000,dollars,,Economic Security,2020-04-16 00:00:00,,,https://mn.gov/deed/newscenter/covid/
$ of loans made to small businesses,,,,,2020-04-18,State,Minnesota,0,dollars,,Economic Security,2020-04-13 00:00:00,,,https://mn.gov/deed/newscenter/covid/
$ of loans made to small businesses,,,,,2020-04-19,State,Minnesota,0,dollars,,Economic Security,2020-04-13 00:00:00,,,https://mn.gov/deed/newscenter/covid/
$ of loans made to small businesses,,,,,2020-04-20,State,Minnesota,1790000,dollars,,Economic Security,2020-04-13 00:00:00,,,https://mn.gov/deed/newscenter/covid/
$ of loans made to small businesses,,,,,2020-04-21,State,Minnesota,980000,dollars,,Economic Security,2020-04-14 00:00:00,,,https://mn.gov/deed/newscenter/covid/
$ of loans made to small businesses,,,,,2020-04-22,State,Minnesota,1350000,dollars,,Economic Security,2020-04-15 00:00:00,,,https://mn.gov/deed/newscenter/covid/
$ of loans made to small businesses,,,,,2020-04-23,State,Minnesota,1500000,dollars,,Economic Security,2020-04-16 00:00:00,,,https://mn.gov/deed/newscenter/covid/
$ of loans made to small businesses,,,,,2020-04-24,State,Minnesota,1200000,dollars,,Economic Security,2020-04-17 00:00:00,,,https://mn.gov/deed/newscenter/covid/
$ of loans made to small businesses,,,,,2020-04-25,State,Minnesota,0,dollars,,Economic Security,2020-04-18 00:00:00,,,https://mn.gov/deed/newscenter/covid/
$ of loans made to small businesses,,,,,2020-04-26,State,Minnesota,0,dollars,,Economic Security,2020-04-19 00:00:00,,,https://mn.gov/deed/newscenter/covid/
$ of loans made to small businesses,,,,,2020-04-27,State,Minnesota,663000,dollars,,Economic Security,2020-04-20 00:00:00,,,https://mn.gov/deed/newscenter/covid/
$ of loans made to small businesses,,,,,2020-04-28,State,Minnesota,750000,dollars,,Economic Security,2020-04-21 00:00:00,,,https://mn.gov/deed/newscenter/covid/
$ of loans made to small businesses,,,,,2020-04-29,State,Minnesota,425000,dollars,,Economic Security,2020-04-22 00:00:00,,,https://mn.gov/deed/newscenter/covid/
$ of loans made to small businesses,,,,,2020-04-30,State,Minnesota,1020000,dollars,,Economic Security,2020-04-23 00:00:00,,,https://mn.gov/deed/newscenter/covid/
$ of loans made to small businesses,,,,,2020-05-01,State,Minnesota,615000,dollars,,Economic Security,2020-04-23 00:00:00,,,https://mn.gov/deed/newscenter/covid/
$ of loans made to small businesses,,,,,2020-05-02,State,Minnesota,0,dollars,,Economic Security,2020-04-23 00:00:00,,,https://mn.gov/deed/newscenter/covid/
$ of loans made to small businesses,,,,,2020-05-03,State,Minnesota,0,dollars,,Economic Security,2020-04-23 00:00:00,,,https://mn.gov/deed/newscenter/covid/
$ of loans made to small businesses,,,,,2020-05-04,State,Minnesota,845000,dollars,,Economic Security,2020-04-24 00:00:00,,,https://mn.gov/deed/newscenter/covid/
$ of loans made to small businesses,,,,,2020-05-05,State,Minnesota,930000,dollars,,Economic Security,2020-05-05 00:00:00,,,https://mn.gov/deed/newscenter/covid/
$ of loans made to small businesses,,,,,2020-05-06,State,Minnesota,500000,dollars,,Economic Security,2020-05-06 00:00:00,,,https://mn.gov/deed/newscenter/covid/
$ of loans made to small businesses,,,,,2020-05-07,State,Minnesota,435000,dollars,,Economic Security,2020-05-07 00:00:00,,,https://mn.gov/deed/newscenter/covid/
$ of loans made to small businesses,,,,,2020-05-08,State,Minnesota,700000,dollars,,Economic Security,2020-05-08 00:00:00,,,https://mn.gov/deed/newscenter/covid/
$ of loans made to small businesses,,,,,2020-05-09,State,Minnesota,0,dollars,,Economic Security,2020-05-09 00:00:00,,,https://mn.gov/deed/newscenter/covid/
$ of loans made to small businesses,,,,,2020-05-10,State,Minnesota,0,dollars,,Economic Security,2020-05-10 00:00:00,,,https://mn.gov/deed/newscenter/covid/
$ of loans made to small businesses,,,,,2020-05-11,State,Minnesota,610000,dollars,,Economic Security,2020-05-11 00:00:00,,,https://mn.gov/deed/newscenter/covid/
$ of loans made to small businesses,,,,,2020-05-12,State,Minnesota,305000,dollars,,Economic Security,2020-05-12 00:00:00,,,https://mn.gov/deed/newscenter/covid/
$ of loans made to small businesses,,,,,2020-05-13,State,Minnesota,370000,dollars,,Economic Security,2020-05-13 00:00:00,,,https://mn.gov/deed/newscenter/covid/
$ of loans made to small businesses,,,,,2020-05-14,State,Minnesota,0,dollars,,Economic Security,2020-05-14 00:00:00,,,https://mn.gov/deed/newscenter/covid/
$ of loans made to small businesses,,,,,2020-05-15,State,Minnesota,460000,dollars,,Economic Security,2020-05-15 00:00:00,,,https://mn.gov/deed/newscenter/covid/
$ of loans made to small businesses,,,,,2020-05-16,State,Minnesota,0,dollars,,Economic Security,2020-05-16 00:00:00,,,https://mn.gov/deed/newscenter/covid/
$ of loans made to small businesses,,,,,2020-05-17,State,Minnesota,0,dollars,,Economic Security,2020-05-17 00:00:00,,,https://mn.gov/deed/newscenter/covid/
$ of loans made to small businesses,,,,,2020-05-18,State,Minnesota,245000,dollars,,Economic Security,2020-05-18 00:00:00,,,https://mn.gov/deed/newscenter/covid/
$ of loans made to small businesses,,,,,2020-05-19,State,Minnesota,360000,dollars,,Economic Security,2020-05-19 00:00:00,,,https://mn.gov/deed/newscenter/covid/
$ of loans made to small businesses,,,,,2020-05-20,State,Minnesota,150000,dollars,,Economic Security,2020-05-20 00:00:00,,,https://mn.gov/deed/newscenter/covid/
$ of loans made to small businesses,,,,,2020-05-21,State,Minnesota,243000,dollars,,Economic Security,2020-05-21 00:00:00,,,https://mn.gov/deed/newscenter/covid/
$ of loans made to small businesses,,,,,2020-05-22,State,Minnesota,67000,dollars,,Economic Security,2020-05-22 00:00:00,,,https://mn.gov/deed/newscenter/covid/
$ of loans made to small businesses,,,,,2020-05-23,State,Minnesota,0,dollars,,Economic Security,2020-05-23 00:00:00,,,https://mn.gov/deed/newscenter/covid/
$ of loans made to small businesses,,,,,2020-05-24,State,Minnesota,0,dollars,,Economic Security,2020-05-24 00:00:00,,,https://mn.gov/deed/newscenter/covid/
$ of loans made to small businesses,,,,,2020-05-25,State,Minnesota,0,dollars,,Economic Security,2020-05-25 00:00:00,,,https://mn.gov/deed/newscenter/covid/
$ of loans made to small businesses,,,,,2020-05-26,State,Minnesota,0,dollars,,Economic Security,2020-05-26 00:00:00,,,https://mn.gov/deed/newscenter/covid/
$ of loans made to small businesses,,,,,2020-05-27,State,Minnesota,0,dollars,,Economic Security,2020-05-27 00:00:00,,,https://mn.gov/deed/newscenter/covid/
$ of loans made to small businesses,,,,,2020-05-28,State,Minnesota,0,dollars,,Economic Security,2020-05-28 00:00:00,,,https://mn.gov/deed/newscenter/covid/
$ of loans made to small businesses,,,,,2020-05-29,State,Minnesota,0,dollars,,Economic Security,2020-05-29 00:00:00,,,https://mn.gov/deed/newscenter/covid/
$ of loans made to small businesses,,,,,2020-05-30,State,Minnesota,0,dollars,,Economic Security,2020-05-30 00:00:00,,,https://mn.gov/deed/newscenter/covid/
$ of loans made to small businesses,,,,,2020-05-31,State,Minnesota,0,dollars,,Economic Security,2020-05-31 00:00:00,,,https://mn.gov/deed/newscenter/covid/
$ of loans made to small businesses,,,,,2020-06-01,State,Minnesota,0,dollars,,Economic Security,2020-06-01 00:00:00,,,https://mn.gov/deed/newscenter/covid/
$ of loans made to small businesses,,,,,2020-06-02,State,Minnesota,0,dollars,,Economic Security,2020-06-02 00:00:00,,,https://mn.gov/deed/newscenter/covid/
$ of loans made to small businesses,,,,,2020-06-03,State,Minnesota,340000,dollars,,Economic Security,2020-06-03 00:00:00,,,https://mn.gov/deed/newscenter/covid/
$ of loans made to small businesses,,,,,2020-06-04,State,Minnesota,0,dollars,,Economic Security,2020-06-04 00:00:00,,,https://mn.gov/deed/newscenter/covid/
$ of loans made to small businesses,,,,,2020-06-05,State,Minnesota,0,dollars,,Economic Security,2020-06-05 00:00:00,,,https://mn.gov/deed/newscenter/covid/
$ of loans made to small businesses,,,,,2020-06-06,State,Minnesota,0,dollars,,Economic Security,2020-06-06 00:00:00,,,https://mn.gov/deed/newscenter/covid/
$ of loans made to small businesses,,,,,2020-06-07,State,Minnesota,0,dollars,,Economic Security,2020-06-07 00:00:00,,,https://mn.gov/deed/newscenter/covid/
$ of loans made to small businesses,,,,,2020-06-08,State,Minnesota,0,dollars,,Economic Security,2020-06-08 00:00:00,,,https://mn.gov/deed/newscenter/covid/
$ of loans made to small businesses,,,,,2020-06-09,State,Minnesota,0,dollars,,Economic Security,2020-06-09 00:00:00,,,https://mn.gov/deed/newscenter/covid/
$ of loans made to small businesses,,,,,2020-06-10,State,Minnesota,0,dollars,,Economic Security,2020-06-10 00:00:00,,,https://mn.gov/deed/newscenter/covid/
$ of loans made to small businesses,,,,,2020-06-11,State,Minnesota,0,dollars,,Economic Security,2020-06-11 00:00:00,,,https://mn.gov/deed/newscenter/covid/
$ of loans made to small businesses,,,,,2020-06-12,State,Minnesota,74000,dollars,,Economic Security,2020-06-12 00:00:00,,,https://mn.gov/deed/newscenter/covid/
$ of loans made to small businesses,,,,,2020-06-13,State,Minnesota,0,dollars,,Economic Security,2020-06-13 00:00:00,,,https://mn.gov/deed/newscenter/covid/
$ of loans made to small businesses,,,,,2020-06-14,State,Minnesota,0,dollars,,Economic Security,2020-06-14 00:00:00,,,https://mn.gov/deed/newscenter/covid/
$ of loans made to small businesses,,,,,2020-06-15,State,Minnesota,55000,dollars,,Economic Security,2020-06-15 00:00:00,,,https://mn.gov/deed/newscenter/covid/
$ of loans made to small businesses,,,,,2020-06-16,State,Minnesota,67000,dollars,,Economic Security,2020-06-16 00:00:00,,,https://mn.gov/deed/newscenter/covid/
$ of loans made to small businesses,,,,,2020-06-17,State,Minnesota,77000,dollars,,Economic Security,2020-06-17 00:00:00,,,https://mn.gov/deed/newscenter/covid/
$ of loans made to small businesses,,,,,2020-06-18,State,Minnesota,277000,dollars,,Economic Security,2020-06-18 00:00:00,,,https://mn.gov/deed/newscenter/covid/
$ of loans made to small businesses,,,,,2020-06-19,State,Minnesota,66000,dollars,,Economic Security,2020-06-19 00:00:00,,,https://mn.gov/deed/newscenter/covid/
$ of loans made to small businesses,,,,,2020-06-20,State,Minnesota,0,dollars,,Economic Security,2020-06-20 00:00:00,,,https://mn.gov/deed/newscenter/covid/
$ of loans made to small businesses,,,,,2020-06-21,State,Minnesota,0,dollars,,Economic Security,2020-06-21 00:00:00,,,https://mn.gov/deed/newscenter/covid/
$ of loans made to small businesses,,,,,2020-06-22,State,Minnesota,50000,dollars,,Economic Security,2020-06-22 00:00:00,,,https://mn.gov/deed/newscenter/covid/
$ of loans made to small businesses,,,,,2020-06-23,State,Minnesota,0,dollars,,Economic Security,2020-06-23 00:00:00,,,https://mn.gov/deed/newscenter/covid/
$ of loans made to small businesses,,,,,2020-06-24,State,Minnesota,150000,dollars,,Economic Security,2020-06-24 00:00:00,,,https://mn.gov/deed/newscenter/covid/
$ of loans made to small businesses,,,,,2020-06-25,State,Minnesota,55000,dollars,,Economic Security,2020-06-25 00:00:00,,,https://mn.gov/deed/newscenter/covid/
$ of loans made to small businesses,,,,,2020-06-26,State,Minnesota,183000,dollars,,Economic Security,2020-06-26 00:00:00,,,https://mn.gov/deed/newscenter/covid/
$ of loans made to small businesses,,,,,2020-06-27,State,Minnesota,0,dollars,,Economic Security,2020-06-27 00:00:00,,,https://mn.gov/deed/newscenter/covid/
$ of loans made to small businesses,,,,,2020-06-28,State,Minnesota,0,dollars,,Economic Security,2020-06-28 00:00:00,,,https://mn.gov/deed/newscenter/covid/
$ of loans made to small businesses,,,,,2020-06-29,State,Minnesota,238865,dollars,,Economic Security,2020-06-29 00:00:00,,,https://mn.gov/deed/newscenter/covid/
# of 24 readiness,Surge - 24 hour,Critical Care,In use,,2020-07-22,State,Minnesota,0,Beds,,Hospital Surge Capacity,2020-07-22 00:00:00,,,https://mn.gov/covid19/
# of 24 readiness,Surge - 24 hour,Critical Care,Total capacity,,2020-07-22,State,Minnesota,528,Beds,,Hospital Surge Capacity,2020-07-22 00:00:00,,,https://mn.gov/covid19/
# of 72 readiness,Surge - 72 hour,Critical Care,In use,,2020-07-22,State,Minnesota,0,Beds,,Hospital Surge Capacity,2020-07-22 00:00:00,,,https://mn.gov/covid19/
# of 72 readiness,Surge - 72 hour,Critical Care,Total capacity,,2020-07-22,State,Minnesota,415,Beds,,Hospital Surge Capacity,2020-07-22 00:00:00,,,https://mn.gov/covid19/
# of Intensive Care Beds,Current,Critical Care,In use,,2020-07-22,State,Minnesota,1076,Beds,,Hospital Surge Capacity,2020-07-22 00:00:00,,,https://mn.gov/covid19/
# of Intensive Care Beds,Current,Critical Care,Total capacity,,2020-07-22,State,Minnesota,1235,Beds,,Hospital Surge Capacity,2020-07-22 00:00:00,,,https://mn.gov/covid19/
# of Ventilators,Current,Ventilators,In use,,2020-07-22,State,Minnesota,458,Ventilators,,Hospital Surge Capacity,2020-07-22 00:00:00,,,https://mn.gov/covid19/
# of Ventilators,Current,Ventilators,Total capacity,,2020-07-22,State,Minnesota,1395,Ventilators,,Hospital Surge Capacity,2020-07-22 00:00:00,,,https://mn.gov/covid19/
# of Ventilators,Surge,Ventilators,Total capacity,,2020-07-22,State,Minnesota,1520,Ventilators,,Hospital Surge Capacity,2020-07-22 00:00:00,,,https://mn.gov/covid19/
# of Ventilators (ordered),On back order,Ventilators,Total capacity,,2020-07-22,State,Minnesota,856,ventilators,,Hospital Surge Capacity,2020-07-22 00:00:00,,,https://mn.gov/covid19/
$ Available to MN,State Funds,State,0,,44026,State,Minnesota,553742058.8,dollars,,Funding,44035,553.7,$554M,https://mn.gov/mmb/budget/covid19-mn-fund/
$ Available to MN,Grant/Formula Allocation,Federal,Available,,44026,State,Minnesota,1403245608,dollars,,Funding,44035,1403.2,"$1,403M",https://mn.gov/mmb/budget/covid19-mn-fund/
$ Available to MN,Coronavirus Relief Fund - Local,Federal,Available,,44026,State,Minnesota,1158370613,dollars,,Funding,44035,1158.4,"$1,158M",https://mn.gov/mmb/budget/covid19-mn-fund/
$ Available to MN,Coronavirus Relief Fund - State,Federal,Available,,44026,State,Minnesota,1028456708,dollars,,Funding,44035,1028.5,"$1,029M",https://mn.gov/mmb/budget/covid19-mn-fund/
$ Spending Authority Granted,State Funds,State,Authority granted,,44026,State,Minnesota,527149684.8,dollars,,Funding,44035,527.1,$527M,https://mn.gov/mmb/budget/covid19-mn-fund/
$ Spending Authority Granted,Coronavirus Relief Fund - Local,Federal,Authority granted,,44026,State,Minnesota,1158370613,dollars,,Funding,44035,1158.4,"$1,158M",https://mn.gov/mmb/budget/covid19-mn-fund/
$ Spending Authority Granted,Grant/Formula Allocation,Federal,Authority granted,,44034,State,Minnesota,1244821206,dollars,,Funding,44035,1244.8,"$1,245M",https://mn.gov/mmb/budget/covid19-mn-fund/
$ Spending Authority Granted,Coronavirus Relief Fund - State,Federal,Authority granted,,44035,State,Minnesota,327001079,dollars,,Funding,44035,327,$327M,https://mn.gov/mmb/budget/covid19-mn-fund/
